I,II,III,AVR,AVL,AVF,V1,V2,V3,V4,V5,V6
0.585,-0.097,-0.682,-0.244,0.633,-0.389,-1.028,0.239,-0.581,-0.335,-1.517,1.266
0.457,-0.04,-0.498,-0.208,0.477,-0.269,-0.875,0.484,-0.302,-0.043,-1.366,1.185
0.312,0.039,-0.273,-0.175,0.293,-0.117,-0.708,0.741,0.006,0.287,-1.164,1.12
0.318,0.071,-0.248,-0.194,0.283,-0.088,-0.684,0.741,0.006,0.291,-1.15,1.123
0.33,0.089,-0.241,-0.209,0.285,-0.076,-0.655,0.764,0.036,0.316,-1.131,1.077
0.312,0.083,-0.228,-0.197,0.27,-0.072,-0.635,0.777,0.05,0.327,-1.126,1.082
0.304,0.086,-0.218,-0.195,0.261,-0.066,-0.608,0.772,0.06,0.33,-1.121,1.163
0.296,0.085,-0.212,-0.19,0.254,-0.064,-0.592,0.78,0.071,0.341,-1.111,1.147
0.295,0.084,-0.211,-0.189,0.253,-0.064,-0.595,0.777,0.06,0.336,-1.107,1.126
0.297,0.096,-0.202,-0.196,0.249,-0.053,-0.588,0.782,0.072,0.349,-1.089,1.128
0.298,0.095,-0.203,-0.196,0.25,-0.054,-0.588,0.778,0.084,0.356,-1.079,1.131
0.285,0.095,-0.191,-0.19,0.238,-0.048,-0.583,0.781,0.094,0.363,-1.064,1.104
0.287,0.091,-0.196,-0.188,0.241,-0.052,-0.583,0.779,0.088,0.359,-1.053,1.057
0.299,0.089,-0.209,-0.194,0.254,-0.06,-0.578,0.78,0.093,0.362,-1.042,1.017
0.286,0.092,-0.194,-0.189,0.24,-0.051,-0.576,0.78,0.096,0.359,-1.035,0.956
0.275,0.093,-0.182,-0.184,0.228,-0.044,-0.573,0.78,0.094,0.363,-1.031,0.925
0.277,0.104,-0.173,-0.19,0.225,-0.034,-0.57,0.786,0.104,0.363,-1.025,0.872
0.266,0.102,-0.164,-0.184,0.215,-0.03,-0.569,0.783,0.118,0.372,-1.019,0.794
0.252,0.096,-0.156,-0.173,0.204,-0.03,-0.558,0.792,0.126,0.374,-1.015,0.76
0.247,0.094,-0.154,-0.17,0.2,-0.03,-0.537,0.81,0.148,0.384,-1.003,0.732
0.242,0.086,-0.156,-0.163,0.198,-0.034,-0.516,0.827,0.183,0.418,-0.989,0.681
0.24,0.086,-0.154,-0.162,0.196,-0.034,-0.504,0.839,0.191,0.42,-0.976,0.63
0.227,0.072,-0.156,-0.149,0.191,-0.041,-0.496,0.842,0.208,0.424,-0.958,0.589
0.238,0.084,-0.154,-0.16,0.196,-0.035,-0.493,0.829,0.221,0.421,-0.937,0.557
0.27,0.112,-0.157,-0.191,0.213,-0.022,-0.48,0.779,0.184,0.402,-0.918,0.531
0.269,0.108,-0.161,-0.188,0.215,-0.026,-0.496,0.726,0.134,0.377,-0.91,0.517
0.278,0.119,-0.159,-0.198,0.218,-0.02,-0.535,0.68,0.089,0.334,-0.904,0.496
0.288,0.127,-0.162,-0.207,0.224,-0.017,-0.554,0.64,0.055,0.294,-0.897,0.444
0.281,0.124,-0.157,-0.202,0.218,-0.016,-0.571,0.622,0.025,0.264,-0.89,0.393
0.295,0.126,-0.169,-0.21,0.232,-0.022,-0.574,0.616,0.007,0.257,-0.884,0.352
0.297,0.124,-0.173,-0.211,0.234,-0.024,-0.571,0.608,-0.002,0.251,-0.88,0.307
0.28,0.125,-0.155,-0.203,0.217,-0.014,-0.57,0.601,-0.012,0.242,-0.874,0.265
0.268,0.121,-0.147,-0.194,0.208,-0.012,-0.569,0.593,-0.028,0.236,-0.87,0.226
0.262,0.119,-0.143,-0.19,0.203,-0.011,-0.57,0.591,-0.046,0.228,-0.866,0.192
0.282,0.116,-0.166,-0.199,0.223,-0.025,-0.57,0.6,-0.044,0.225,-0.861,0.165
0.27,0.113,-0.157,-0.192,0.213,-0.021,-0.569,0.596,-0.041,0.22,-0.857,0.142
0.242,0.11,-0.132,-0.175,0.187,-0.011,-0.563,0.591,-0.039,0.218,-0.851,0.129
0.247,0.11,-0.136,-0.178,0.191,-0.013,-0.558,0.587,-0.035,0.213,-0.846,0.114
0.255,0.12,-0.135,-0.187,0.195,-0.008,-0.554,0.582,-0.034,0.21,-0.84,0.099
0.266,0.117,-0.149,-0.191,0.207,-0.016,-0.55,0.578,-0.028,0.214,-0.834,0.083
0.259,0.111,-0.148,-0.185,0.204,-0.018,-0.545,0.574,-0.023,0.215,-0.83,0.062
0.251,0.108,-0.142,-0.179,0.196,-0.017,-0.541,0.575,-0.018,0.217,-0.822,0.034
0.242,0.101,-0.14,-0.171,0.191,-0.019,-0.536,0.572,-0.011,0.22,-0.813,-0.007
0.233,0.101,-0.132,-0.167,0.183,-0.015,-0.531,0.569,-0.006,0.221,-0.805,-0.032
0.244,0.11,-0.134,-0.177,0.188,-0.012,-0.527,0.57,-0.001,0.224,-0.797,-0.073
0.232,0.11,-0.122,-0.171,0.177,-0.006,-0.522,0.565,0.004,0.228,-0.791,-0.122
0.233,0.105,-0.128,-0.169,0.18,-0.011,-0.518,0.555,0.007,0.23,-0.783,-0.164
0.213,0.104,-0.108,-0.159,0.16,-0.002,-0.515,0.548,0.013,0.231,-0.777,-0.222
0.199,0.098,-0.101,-0.149,0.15,-0.001,-0.512,0.538,0.014,0.24,-0.77,-0.287
0.232,0.103,-0.129,-0.167,0.18,-0.013,-0.509,0.528,0.01,0.24,-0.765,-0.344
0.214,0.115,-0.099,-0.164,0.156,0.008,-0.506,0.506,0.009,0.24,-0.757,-0.393
0.206,0.115,-0.09,-0.16,0.148,0.012,-0.504,0.473,0.002,0.24,-0.747,-0.443
0.205,0.115,-0.09,-0.159,0.147,0.012,-0.501,0.453,0.021,0.24,-0.737,-0.475
0.196,0.115,-0.08,-0.155,0.137,0.017,-0.493,0.437,0.045,0.239,-0.727,-0.505
0.197,0.115,-0.082,-0.156,0.139,0.016,-0.487,0.426,0.045,0.234,-0.718,-0.552
0.183,0.114,-0.069,-0.148,0.126,0.022,-0.48,0.423,0.045,0.23,-0.708,-0.59
0.213,0.132,-0.082,-0.172,0.147,0.025,-0.474,0.419,0.046,0.224,-0.702,-0.623
0.217,0.143,-0.074,-0.181,0.146,0.035,-0.468,0.415,0.045,0.244,-0.675,-0.655
0.191,0.144,-0.047,-0.167,0.118,0.049,-0.464,0.412,0.046,0.259,-0.639,-0.653
0.201,0.159,-0.043,-0.18,0.122,0.058,-0.465,0.408,0.044,0.253,-0.634,-0.66
0.204,0.157,-0.047,-0.18,0.125,0.054,-0.462,0.405,0.045,0.257,-0.635,-0.651
0.206,0.151,-0.056,-0.178,0.131,0.047,-0.459,0.399,0.056,0.254,-0.631,-0.675
0.201,0.147,-0.055,-0.174,0.128,0.046,-0.46,0.398,0.061,0.255,-0.628,-0.611
0.193,0.138,-0.055,-0.165,0.124,0.041,-0.468,0.392,0.053,0.259,-0.631,-0.309
0.185,0.137,-0.048,-0.161,0.116,0.044,-0.47,0.39,0.053,0.259,-0.622,-0.126
0.185,0.132,-0.053,-0.158,0.118,0.039,-0.469,0.388,0.047,0.262,-0.615,-0.057
0.183,0.139,-0.044,-0.161,0.113,0.047,-0.467,0.378,0.044,0.256,-0.607,0.048
0.178,0.131,-0.048,-0.154,0.112,0.042,-0.462,0.381,0.042,0.265,-0.597,0.118
0.183,0.14,-0.043,-0.161,0.113,0.049,-0.468,0.365,0.035,0.254,-0.595,0.328
0.186,0.141,-0.045,-0.163,0.115,0.048,-0.454,0.377,0.039,0.274,-0.578,0.593
0.191,0.143,-0.049,-0.167,0.12,0.047,-0.453,0.351,0.036,0.258,-0.584,0.756
0.169,0.163,-0.006,-0.166,0.088,0.078,-0.434,0.408,0.125,0.323,-0.53,0.971
0.153,0.171,0.018,-0.162,0.067,0.094,-0.446,0.377,0.088,0.391,-0.527,1.268
0.185,0.216,0.032,-0.2,0.076,0.124,-0.568,-0.044,-0.351,-0.194,-0.509,1.51
0.306,0.218,-0.088,-0.262,0.196,0.065,-0.732,-0.582,-1.025,-1.207,-0.593,1.753
0.31,0.318,0.008,-0.314,0.151,0.162,-0.879,-1.121,-1.48,-1.707,-0.924,1.999
0.373,0.249,-0.123,-0.311,0.248,0.063,-0.931,-1.154,-1.375,-1.366,-0.955,2.183
0.522,0.006,-0.516,-0.264,0.519,-0.254,-0.889,-0.559,-0.922,-0.743,-0.875,2.23
0.321,0.039,-0.282,-0.18,0.301,-0.121,-0.662,0.054,-0.331,-0.161,-0.74,1.944
0.189,0.129,-0.06,-0.159,0.124,0.035,-0.454,0.368,0.045,0.237,-0.505,2.302
0.212,0.173,-0.039,-0.192,0.125,0.067,-0.419,0.409,0.097,0.294,-0.462,3.196
0.152,0.166,0.014,-0.159,0.069,0.089,-0.389,0.437,0.121,0.313,-0.435,3.568
0.144,0.17,0.026,-0.158,0.059,0.098,-0.381,0.453,0.131,0.34,-0.432,3.825
0.156,0.2,0.044,-0.178,0.056,0.122,-0.37,0.446,0.128,0.334,-0.443,3.995
0.164,0.184,0.02,-0.174,0.072,0.102,-0.359,0.447,0.139,0.348,-0.446,4.105
0.168,0.183,0.015,-0.176,0.076,0.098,-0.351,0.441,0.151,0.36,-0.446,4.217
0.13,0.173,0.043,-0.152,0.043,0.108,-0.338,0.441,0.15,0.361,-0.436,4.271
0.092,0.167,0.076,-0.129,0.008,0.121,-0.331,0.437,0.149,0.358,-0.435,4.331
0.1,0.167,0.067,-0.133,0.016,0.117,-0.319,0.461,0.151,0.355,-0.426,4.347
0.104,0.177,0.073,-0.141,0.015,0.125,-0.315,0.478,0.149,0.355,-0.423,4.394
0.118,0.194,0.076,-0.157,0.021,0.135,-0.315,0.477,0.152,0.352,-0.417,4.397
0.119,0.193,0.074,-0.156,0.022,0.133,-0.312,0.485,0.166,0.35,-0.412,4.414
0.108,0.187,0.079,-0.147,0.014,0.133,-0.309,0.487,0.174,0.346,-0.408,4.434
0.105,0.184,0.079,-0.144,0.012,0.131,-0.31,0.491,0.174,0.344,-0.404,4.424
0.095,0.178,0.083,-0.137,0.006,0.131,-0.306,0.498,0.188,0.341,-0.398,4.419
0.091,0.175,0.084,-0.134,0.003,0.129,-0.299,0.502,0.188,0.338,-0.408,4.406
0.092,0.179,0.087,-0.136,0.003,0.133,-0.293,0.516,0.199,0.367,-0.424,4.402
0.11,0.18,0.07,-0.146,0.02,0.125,-0.29,0.517,0.228,0.389,-0.42,4.364
0.098,0.18,0.081,-0.139,0.008,0.13,-0.287,0.522,0.243,0.388,-0.411,4.339
0.08,0.18,0.1,-0.131,-0.01,0.14,-0.285,0.529,0.252,0.386,-0.404,4.333
0.07,0.18,0.109,-0.125,-0.02,0.144,-0.281,0.512,0.245,0.375,-0.395,4.306
0.048,0.182,0.134,-0.115,-0.043,0.158,-0.279,0.49,0.245,0.368,-0.389,4.306
0.07,0.196,0.127,-0.133,-0.029,0.161,-0.286,0.447,0.213,0.357,-0.382,4.323
0.089,0.214,0.124,-0.152,-0.018,0.169,-0.3,0.398,0.147,0.315,-0.377,4.327
0.093,0.216,0.122,-0.155,-0.015,0.169,-0.314,0.356,0.113,0.276,-0.373,4.363
0.092,0.211,0.119,-0.152,-0.013,0.165,-0.315,0.324,0.095,0.263,-0.365,4.412
0.092,0.209,0.118,-0.151,-0.013,0.163,-0.316,0.307,0.081,0.25,-0.362,4.41
0.094,0.205,0.111,-0.15,-0.009,0.158,-0.321,0.298,0.072,0.24,-0.353,4.404
0.095,0.205,0.11,-0.15,-0.008,0.157,-0.319,0.29,0.068,0.234,-0.357,4.402
0.105,0.21,0.105,-0.158,0.0,0.157,-0.32,0.28,0.062,0.227,-0.371,4.395
0.107,0.209,0.102,-0.158,0.002,0.156,-0.319,0.268,0.056,0.219,-0.366,4.392
0.114,0.211,0.097,-0.163,0.008,0.154,-0.321,0.247,0.051,0.212,-0.363,4.387
0.119,0.215,0.096,-0.167,0.011,0.155,-0.33,0.231,0.046,0.206,-0.36,4.384
0.122,0.215,0.093,-0.169,0.014,0.154,-0.326,0.223,0.045,0.205,-0.355,4.38
0.121,0.212,0.091,-0.166,0.014,0.152,-0.321,0.214,0.044,0.205,-0.353,4.378
0.121,0.21,0.089,-0.165,0.016,0.149,-0.318,0.206,0.041,0.2,-0.345,4.371
0.123,0.21,0.087,-0.167,0.018,0.148,-0.312,0.196,0.039,0.2,-0.339,4.377
0.098,0.209,0.111,-0.154,-0.006,0.16,-0.308,0.197,0.042,0.199,-0.332,4.395
0.104,0.221,0.117,-0.163,-0.007,0.169,-0.304,0.209,0.045,0.194,-0.325,4.393
0.111,0.224,0.113,-0.168,-0.001,0.169,-0.305,0.21,0.045,0.195,-0.32,4.384
0.1,0.216,0.116,-0.158,-0.009,0.166,-0.302,0.209,0.044,0.195,-0.314,4.379
0.101,0.214,0.114,-0.158,-0.007,0.164,-0.299,0.206,0.045,0.195,-0.307,4.359
0.092,0.208,0.116,-0.15,-0.012,0.161,-0.3,0.205,0.045,0.195,-0.301,4.332
0.092,0.206,0.114,-0.149,-0.012,0.16,-0.296,0.205,0.042,0.192,-0.294,4.309
0.1,0.216,0.116,-0.158,-0.008,0.166,-0.289,0.195,0.04,0.188,-0.287,4.281
0.099,0.213,0.114,-0.157,-0.008,0.164,-0.285,0.186,0.036,0.185,-0.282,4.246
0.105,0.221,0.116,-0.163,-0.006,0.168,-0.279,0.178,0.035,0.181,-0.277,4.208
0.115,0.24,0.126,-0.178,-0.006,0.183,-0.273,0.168,0.029,0.177,-0.272,4.167
0.107,0.24,0.132,-0.173,-0.012,0.186,-0.27,0.161,0.033,0.173,-0.269,4.132
0.112,0.241,0.129,-0.177,-0.008,0.185,-0.269,0.159,0.05,0.17,-0.263,4.103
0.118,0.245,0.127,-0.182,-0.005,0.186,-0.27,0.155,0.05,0.17,-0.26,4.068
0.119,0.245,0.126,-0.183,-0.004,0.185,-0.269,0.153,0.05,0.17,-0.252,4.027
0.124,0.246,0.122,-0.186,0.001,0.184,-0.27,0.15,0.048,0.17,-0.246,3.988
0.072,0.252,0.18,-0.162,-0.054,0.215,-0.27,0.148,0.06,0.181,-0.236,3.955
0.082,0.251,0.169,-0.167,-0.044,0.209,-0.266,0.143,0.064,0.187,-0.23,3.919
0.116,0.259,0.143,-0.188,-0.014,0.201,-0.26,0.13,0.054,0.176,-0.222,3.877
0.078,0.266,0.188,-0.172,-0.055,0.227,-0.253,0.129,0.054,0.181,-0.213,3.838
0.07,0.273,0.202,-0.172,-0.066,0.238,-0.252,0.111,0.04,0.167,-0.208,3.798
0.067,0.268,0.201,-0.168,-0.067,0.234,-0.24,0.125,0.046,0.174,-0.194,3.758
0.075,0.27,0.195,-0.172,-0.06,0.232,-0.244,0.114,0.042,0.169,-0.196,3.729
0.076,0.287,0.212,-0.182,-0.068,0.249,-0.224,0.154,0.119,0.244,-0.154,3.72
0.097,0.294,0.197,-0.196,-0.05,0.246,-0.239,0.15,0.098,0.316,-0.131,3.701
0.131,0.34,0.209,-0.236,-0.039,0.274,-0.356,-0.252,-0.343,-0.253,-0.099,3.711
0.215,0.338,0.123,-0.276,0.046,0.23,-0.531,-0.847,-1.056,-1.296,-0.243,3.812
0.236,0.418,0.182,-0.327,0.027,0.3,-0.7,-1.42,-1.56,-1.857,-0.609,3.925
0.288,0.385,0.097,-0.337,0.096,0.24,-0.758,-1.543,-1.513,-1.559,-0.644,4.007
0.447,0.139,-0.308,-0.293,0.378,-0.084,-0.733,-0.964,-1.058,-0.925,-0.551,3.947
0.286,0.137,-0.15,-0.211,0.218,-0.006,-0.499,-0.288,-0.415,-0.32,-0.436,3.638
0.128,0.235,0.107,-0.182,0.01,0.17,-0.273,0.044,-0.014,0.101,-0.224,3.406
0.104,0.26,0.156,-0.182,-0.026,0.208,-0.249,0.123,0.063,0.196,-0.168,3.358
0.068,0.262,0.194,-0.165,-0.063,0.228,-0.221,0.138,0.08,0.198,-0.147,3.304
0.085,0.256,0.171,-0.171,-0.043,0.213,-0.21,0.152,0.084,0.216,-0.142,3.258
0.06,0.257,0.197,-0.159,-0.069,0.226,-0.198,0.17,0.106,0.235,-0.143,3.22
0.066,0.253,0.187,-0.159,-0.061,0.219,-0.186,0.17,0.104,0.237,-0.136,3.176
0.069,0.258,0.19,-0.164,-0.061,0.224,-0.179,0.169,0.105,0.233,-0.137,3.137
0.072,0.259,0.187,-0.166,-0.058,0.223,-0.165,0.171,0.111,0.232,-0.134,3.115
0.083,0.264,0.181,-0.174,-0.049,0.222,-0.159,0.169,0.109,0.229,-0.141,3.075
0.073,0.265,0.193,-0.169,-0.06,0.229,-0.149,0.172,0.115,0.23,-0.139,3.016
0.079,0.271,0.192,-0.175,-0.057,0.231,-0.142,0.175,0.113,0.224,-0.14,2.967
0.075,0.273,0.198,-0.174,-0.062,0.235,-0.134,0.175,0.119,0.225,-0.14,2.914
0.076,0.269,0.193,-0.173,-0.058,0.23,-0.127,0.175,0.119,0.225,-0.14,2.865
0.077,0.267,0.189,-0.172,-0.056,0.228,-0.121,0.175,0.122,0.225,-0.139,2.807
0.061,0.264,0.202,-0.163,-0.071,0.233,-0.114,0.183,0.142,0.225,-0.141,2.746
0.066,0.26,0.194,-0.164,-0.064,0.227,-0.108,0.202,0.155,0.229,-0.136,2.692
0.034,0.259,0.225,-0.147,-0.095,0.242,-0.1,0.215,0.177,0.237,-0.14,2.635
0.024,0.26,0.236,-0.142,-0.106,0.248,-0.095,0.213,0.183,0.242,-0.15,2.581
0.036,0.26,0.223,-0.148,-0.093,0.241,-0.093,0.227,0.189,0.248,-0.138,2.519
0.039,0.26,0.221,-0.15,-0.091,0.24,-0.09,0.249,0.213,0.259,-0.154,2.46
0.054,0.259,0.206,-0.157,-0.076,0.232,-0.088,0.249,0.221,0.255,-0.166,2.411
0.034,0.26,0.227,-0.147,-0.096,0.243,-0.084,0.24,0.224,0.249,-0.157,2.362
0.034,0.261,0.227,-0.148,-0.096,0.244,-0.084,0.208,0.192,0.242,-0.155,2.31
0.06,0.278,0.218,-0.169,-0.079,0.248,-0.095,0.156,0.133,0.198,-0.15,2.265
0.085,0.3,0.216,-0.193,-0.066,0.258,-0.108,0.1,0.074,0.141,-0.145,2.24
0.09,0.298,0.207,-0.194,-0.059,0.252,-0.127,0.051,0.028,0.09,-0.145,2.194
0.089,0.294,0.205,-0.192,-0.059,0.249,-0.137,0.019,0.01,0.051,-0.145,2.132
0.094,0.291,0.197,-0.193,-0.051,0.243,-0.142,0.001,-0.006,0.034,-0.145,2.082
0.095,0.286,0.191,-0.191,-0.049,0.238,-0.149,-0.006,-0.017,0.026,-0.153,2.027
0.1,0.284,0.184,-0.192,-0.042,0.234,-0.15,-0.012,-0.021,0.018,-0.156,1.961
0.102,0.279,0.178,-0.191,-0.038,0.228,-0.149,-0.019,-0.029,0.007,-0.154,1.897
0.109,0.28,0.171,-0.195,-0.031,0.225,-0.153,-0.026,-0.027,0.001,-0.156,1.847
0.113,0.28,0.166,-0.197,-0.027,0.223,-0.16,-0.032,-0.026,-0.001,-0.154,1.797
0.119,0.28,0.161,-0.2,-0.021,0.22,-0.16,-0.034,-0.023,-0.004,-0.157,1.743
0.123,0.28,0.157,-0.201,-0.017,0.218,-0.16,-0.037,-0.031,-0.006,-0.169,1.693
0.123,0.276,0.153,-0.2,-0.015,0.214,-0.16,-0.04,-0.041,-0.009,-0.17,1.628
0.127,0.272,0.146,-0.199,-0.01,0.209,-0.16,-0.042,-0.039,-0.011,-0.169,1.583
0.098,0.269,0.171,-0.184,-0.036,0.219,-0.158,-0.048,-0.038,-0.017,-0.17,1.496
0.079,0.267,0.188,-0.173,-0.055,0.227,-0.152,-0.051,-0.034,-0.024,-0.169,1.307
0.083,0.259,0.176,-0.171,-0.047,0.217,-0.148,-0.058,-0.035,-0.031,-0.171,1.162
0.09,0.265,0.176,-0.178,-0.043,0.22,-0.143,-0.063,-0.035,-0.038,-0.168,1.082
0.106,0.275,0.17,-0.191,-0.033,0.222,-0.139,-0.072,-0.035,-0.044,-0.172,1.003
0.111,0.275,0.164,-0.194,-0.027,0.219,-0.134,-0.082,-0.036,-0.042,-0.167,0.926
0.099,0.273,0.174,-0.187,-0.038,0.223,-0.13,-0.078,-0.034,-0.039,-0.173,0.854
0.085,0.269,0.184,-0.178,-0.05,0.227,-0.125,-0.082,-0.037,-0.042,-0.189,0.791
0.088,0.271,0.183,-0.179,-0.047,0.227,-0.12,-0.078,-0.032,-0.033,-0.182,0.727
0.095,0.266,0.171,-0.181,-0.038,0.219,-0.117,-0.082,-0.032,-0.038,-0.175,0.639
0.083,0.266,0.183,-0.175,-0.051,0.225,-0.11,-0.075,-0.027,-0.031,-0.163,0.568
0.063,0.263,0.2,-0.163,-0.069,0.231,-0.109,-0.072,-0.031,-0.033,-0.163,0.505
0.058,0.268,0.21,-0.163,-0.076,0.239,-0.102,-0.069,-0.021,-0.026,-0.142,0.426
0.082,0.261,0.179,-0.171,-0.049,0.219,-0.099,-0.058,-0.029,-0.026,-0.143,0.352
0.082,0.276,0.194,-0.179,-0.057,0.234,-0.095,-0.068,0.002,-0.008,-0.102,0.301
0.092,0.304,0.213,-0.198,-0.061,0.258,-0.085,-0.027,0.079,0.124,-0.071,0.265
0.097,0.3,0.203,-0.199,-0.054,0.251,-0.172,-0.264,-0.228,-0.166,-0.06,0.237
0.179,0.322,0.143,-0.25,0.017,0.232,-0.352,-0.88,-0.962,-1.144,-0.062,0.293
0.297,0.355,0.057,-0.326,0.12,0.205,-0.533,-1.534,-1.645,-2.024,-0.424,0.34
0.243,0.37,0.127,-0.307,0.058,0.248,-0.62,-1.882,-1.787,-2.027,-0.605,0.381
0.376,0.177,-0.199,-0.276,0.287,-0.011,-0.641,-1.501,-1.4,-1.427,-0.498,0.404
0.384,-0.006,-0.39,-0.189,0.387,-0.198,-0.491,-0.731,-0.773,-0.798,-0.452,0.158
0.123,0.125,0.003,-0.124,0.06,0.064,-0.195,-0.24,-0.213,-0.249,-0.201,-0.123
0.074,0.238,0.165,-0.156,-0.046,0.201,-0.079,-0.08,-0.019,-0.01,-0.032,-0.172
0.069,0.239,0.17,-0.154,-0.05,0.204,-0.066,-0.048,0.017,0.019,-0.008,-0.217
0.07,0.241,0.171,-0.155,-0.05,0.206,-0.049,-0.035,0.049,0.054,0.017,-0.283
0.048,0.239,0.191,-0.144,-0.071,0.215,-0.048,-0.022,0.064,0.069,0.021,-0.321
0.03,0.241,0.211,-0.136,-0.09,0.225,-0.037,-0.02,0.08,0.1,0.05,-0.369
0.046,0.239,0.193,-0.143,-0.074,0.216,-0.034,-0.02,0.087,0.106,0.056,-0.406
0.039,0.237,0.198,-0.138,-0.08,0.217,-0.026,-0.017,0.091,0.104,0.059,-0.461
0.046,0.234,0.187,-0.14,-0.071,0.21,-0.021,-0.014,0.084,0.11,0.06,-0.514
0.044,0.231,0.187,-0.138,-0.072,0.209,-0.014,-0.015,0.083,0.11,0.061,-0.553
0.048,0.228,0.18,-0.138,-0.066,0.204,-0.01,-0.009,0.076,0.11,0.066,-0.583
0.045,0.225,0.181,-0.135,-0.069,0.202,-0.004,-0.002,0.076,0.106,0.065,-0.628
0.049,0.223,0.174,-0.137,-0.063,0.199,0.001,0.003,0.079,0.104,0.065,-0.685
0.045,0.22,0.175,-0.133,-0.065,0.197,0.007,0.013,0.089,0.104,0.066,-0.723
0.033,0.22,0.187,-0.127,-0.077,0.203,0.021,0.014,0.09,0.096,0.063,-0.765
0.015,0.22,0.205,-0.118,-0.095,0.212,0.036,0.033,0.11,0.11,0.073,-0.792
0.011,0.22,0.208,-0.116,-0.098,0.214,0.043,0.055,0.14,0.13,0.095,-0.831
0.02,0.22,0.2,-0.12,-0.09,0.21,0.048,0.074,0.152,0.136,0.096,-0.886
-0.022,0.22,0.242,-0.099,-0.132,0.23,0.07,0.113,0.186,0.171,0.095,-0.928
-0.006,0.22,0.226,-0.107,-0.116,0.223,0.078,0.127,0.207,0.188,0.098,-0.98
0.006,0.22,0.214,-0.113,-0.104,0.217,0.084,0.132,0.222,0.182,0.104,-1.021
-0.023,0.22,0.244,-0.099,-0.134,0.232,0.078,0.121,0.223,0.173,0.111,-1.062
-0.015,0.22,0.235,-0.102,-0.125,0.227,0.057,0.076,0.189,0.157,0.117,-1.086
-0.013,0.221,0.235,-0.104,-0.124,0.228,0.039,0.029,0.133,0.109,0.131,-1.096
0.022,0.225,0.203,-0.124,-0.091,0.214,0.018,-0.021,0.069,0.038,0.129,-1.124
0.047,0.225,0.178,-0.136,-0.066,0.201,0.012,-0.072,0.017,-0.005,0.117,-1.144
0.06,0.225,0.165,-0.143,-0.053,0.195,0.005,-0.106,-0.014,-0.04,0.104,-1.177
0.069,0.225,0.155,-0.147,-0.043,0.19,0.0,-0.121,-0.026,-0.067,0.098,-1.207
0.035,0.225,0.19,-0.13,-0.078,0.208,-0.006,-0.137,-0.051,-0.079,0.093,-1.237
0.032,0.228,0.196,-0.131,-0.082,0.212,-0.009,-0.139,-0.06,-0.077,0.097,-1.27
0.041,0.23,0.189,-0.136,-0.074,0.21,-0.013,-0.158,-0.063,-0.086,0.093,-1.304
0.041,0.23,0.189,-0.136,-0.074,0.21,-0.015,-0.171,-0.086,-0.094,0.096,-1.351
0.05,0.234,0.184,-0.142,-0.067,0.209,-0.019,-0.164,-0.085,-0.095,0.095,-1.395
0.05,0.236,0.186,-0.143,-0.069,0.211,-0.02,-0.149,-0.089,-0.089,0.076,-1.44
0.04,0.235,0.196,-0.138,-0.078,0.215,-0.01,-0.121,-0.089,-0.091,0.075,-1.471
0.051,0.224,0.173,-0.137,-0.061,0.198,-0.029,-0.136,-0.115,-0.172,0.023,-1.556
0.119,0.155,0.036,-0.138,0.042,0.095,-0.101,-0.23,-0.321,-0.4,-0.021,-1.626
0.249,0.148,-0.101,-0.199,0.175,0.023,-0.276,-0.494,-0.597,-0.677,-0.155,-1.628
0.343,0.006,-0.338,-0.174,0.341,-0.166,-0.333,-0.66,-0.659,-0.68,-0.143,-1.679
0.375,-0.397,-0.771,0.011,0.574,-0.584,-0.234,-0.58,-0.465,-0.615,-0.24,-1.957
0.37,-0.698,-1.068,0.164,0.719,-0.883,-0.131,-0.327,-0.199,-0.799,-0.856,-2.458
0.267,-0.745,-1.012,0.239,0.64,-0.878,0.127,0.177,0.13,-0.845,-0.996,-2.688
0.171,-0.544,-0.715,0.187,0.443,-0.629,0.397,0.523,0.375,-0.668,-0.671,-2.591
0.07,-0.237,-0.307,0.084,0.189,-0.272,0.54,0.619,0.474,-0.445,-0.359,-2.358
-0.01,0.095,0.104,-0.043,-0.057,0.1,0.453,0.385,0.47,-0.132,0.021,-2.085
0.013,0.25,0.236,-0.132,-0.112,0.243,0.172,-0.072,0.114,-0.031,0.166,-2.008
-0.001,0.238,0.239,-0.119,-0.12,0.239,0.041,-0.169,-0.089,-0.086,0.165,-2.017
-0.001,0.265,0.266,-0.132,-0.134,0.265,0.024,-0.176,-0.066,-0.066,0.194,-2.013
0.005,0.266,0.261,-0.136,-0.128,0.264,0.006,-0.228,-0.115,-0.072,0.198,-2.013
-0.017,0.271,0.288,-0.127,-0.153,0.28,-0.004,-0.224,-0.096,-0.064,0.207,-2.025
0.011,0.269,0.258,-0.14,-0.124,0.264,-0.016,-0.251,-0.125,-0.061,0.224,-2.039
-0.004,0.277,0.28,-0.137,-0.142,0.278,-0.023,-0.257,-0.14,-0.06,0.226,-1.997
-0.013,0.297,0.309,-0.143,-0.162,0.303,-0.029,-0.269,-0.14,-0.053,0.224,-1.944
0.008,0.297,0.289,-0.152,-0.141,0.293,-0.023,-0.279,-0.147,-0.057,0.228,-1.904
-0.026,0.303,0.329,-0.139,-0.177,0.316,-0.015,-0.29,-0.149,-0.051,0.247,-1.875
-0.021,0.309,0.331,-0.144,-0.176,0.32,-0.01,-0.291,-0.158,-0.05,0.258,-1.791
-0.006,0.314,0.32,-0.154,-0.164,0.317,-0.002,-0.293,-0.154,-0.05,0.252,-1.679
-0.026,0.331,0.357,-0.153,-0.192,0.344,0.004,-0.295,-0.153,-0.045,0.264,-1.631
-0.033,0.342,0.375,-0.155,-0.204,0.358,0.001,-0.305,-0.173,-0.057,0.285,-1.602
-0.046,0.354,0.401,-0.154,-0.224,0.377,-0.005,-0.32,-0.192,-0.072,0.289,-1.562
-0.06,0.373,0.433,-0.157,-0.247,0.403,-0.011,-0.334,-0.192,-0.069,0.289,-1.542
-0.059,0.384,0.443,-0.163,-0.252,0.414,-0.016,-0.357,-0.21,-0.075,0.31,-1.544
-0.066,0.399,0.465,-0.167,-0.266,0.432,-0.023,-0.385,-0.232,-0.075,0.341,-1.543
-0.068,0.393,0.461,-0.163,-0.265,0.427,-0.051,-0.428,-0.272,-0.078,0.34,-1.549
-0.049,0.381,0.43,-0.167,-0.24,0.406,-0.063,-0.46,-0.306,-0.1,0.331,-1.548
-0.032,0.357,0.389,-0.163,-0.21,0.373,-0.065,-0.461,-0.316,-0.111,0.306,-1.555
-0.011,0.314,0.325,-0.152,-0.168,0.319,-0.079,-0.448,-0.3,-0.104,0.255,-1.613
0.021,0.271,0.25,-0.146,-0.115,0.26,-0.064,-0.432,-0.256,-0.1,0.215,-1.684
0.04,0.232,0.192,-0.136,-0.076,0.212,-0.036,-0.382,-0.207,-0.096,0.178,-1.739
0.042,0.204,0.162,-0.123,-0.061,0.183,-0.018,-0.314,-0.16,-0.091,0.152,-1.785
0.037,0.181,0.145,-0.109,-0.054,0.163,-0.001,-0.268,-0.12,-0.088,0.142,-1.831
0.037,0.165,0.128,-0.101,-0.046,0.146,0.011,-0.244,-0.092,-0.084,0.137,-1.845
0.032,0.151,0.12,-0.092,-0.044,0.135,0.036,-0.229,-0.074,-0.082,0.133,-1.881
0.026,0.141,0.115,-0.084,-0.045,0.127,0.056,-0.199,-0.066,-0.079,0.126,-1.897
0.029,0.14,0.11,-0.085,-0.04,0.125,0.054,-0.184,-0.061,-0.076,0.122,-1.898
0.033,0.14,0.106,-0.087,-0.037,0.123,0.057,-0.186,-0.056,-0.074,0.118,-1.936
0.034,0.135,0.101,-0.085,-0.034,0.118,0.06,-0.184,-0.05,-0.071,0.124,-1.95
0.038,0.135,0.097,-0.087,-0.03,0.116,0.06,-0.186,-0.045,-0.07,0.13,-1.972
0.054,0.134,0.08,-0.094,-0.013,0.107,0.06,-0.183,-0.046,-0.07,0.125,-1.75
0.058,0.129,0.07,-0.094,-0.006,0.099,0.06,-0.194,-0.043,-0.071,0.12,-1.407
0.08,0.124,0.044,-0.102,0.018,0.084,0.059,-0.206,-0.054,-0.068,0.116,-1.274
0.078,0.119,0.042,-0.099,0.018,0.08,0.061,-0.204,-0.066,-0.079,0.111,-1.176
0.033,0.115,0.081,-0.075,-0.024,0.098,0.07,-0.208,-0.064,-0.091,0.108,-1.105
0.064,0.11,0.047,-0.087,0.008,0.078,0.069,-0.21,-0.065,-0.09,0.102,-1.068
0.073,0.106,0.034,-0.09,0.019,0.07,0.066,-0.21,-0.065,-0.09,0.097,-0.987
0.031,0.104,0.074,-0.068,-0.022,0.089,0.063,-0.206,-0.065,-0.09,0.093,-0.894
0.031,0.105,0.074,-0.068,-0.022,0.09,0.06,-0.205,-0.062,-0.09,0.089,-0.837
0.029,0.105,0.076,-0.067,-0.024,0.09,0.06,-0.205,-0.057,-0.087,0.084,-0.802
0.032,0.105,0.074,-0.069,-0.022,0.09,0.07,-0.205,-0.054,-0.084,0.08,-0.771
0.027,0.104,0.077,-0.066,-0.025,0.09,0.085,-0.204,-0.051,-0.081,0.08,-0.755
0.028,0.1,0.071,-0.064,-0.022,0.085,0.085,-0.206,-0.046,-0.078,0.08,-0.743
0.035,0.1,0.065,-0.068,-0.015,0.082,0.085,-0.222,-0.046,-0.075,0.08,-0.729
0.01,0.097,0.087,-0.054,-0.039,0.092,0.085,-0.226,-0.05,-0.074,0.079,-0.702
0.008,0.095,0.087,-0.052,-0.04,0.09,0.085,-0.22,-0.049,-0.083,0.083,-0.688
0.016,0.095,0.079,-0.056,-0.032,0.086,0.085,-0.219,-0.049,-0.085,0.09,-0.684
0.016,0.092,0.075,-0.054,-0.03,0.083,0.085,-0.215,-0.05,-0.081,0.093,-0.679
0.021,0.089,0.068,-0.055,-0.023,0.078,0.085,-0.214,-0.05,-0.079,0.098,-0.675
0.025,0.091,0.066,-0.058,-0.02,0.078,0.08,-0.223,-0.047,-0.076,0.099,-0.67
0.018,0.089,0.072,-0.053,-0.027,0.08,0.08,-0.225,-0.044,-0.074,0.105,-0.671
0.023,0.09,0.068,-0.057,-0.022,0.079,0.079,-0.225,-0.046,-0.071,0.103,-0.675
0.016,0.089,0.073,-0.052,-0.029,0.081,0.081,-0.225,-0.044,-0.066,0.117,-0.677
0.017,0.084,0.066,-0.05,-0.025,0.075,0.079,-0.224,-0.045,-0.063,0.125,-0.679
0.04,0.1,0.06,-0.071,-0.01,0.079,0.083,-0.227,-0.044,-0.061,0.127,-0.695
0.013,0.097,0.084,-0.055,-0.035,0.09,0.086,-0.22,-0.038,-0.054,0.153,-0.716
0.003,0.095,0.092,-0.049,-0.045,0.093,0.083,-0.22,-0.036,-0.055,0.155,-0.734
0.008,0.091,0.083,-0.05,-0.037,0.086,0.098,-0.206,-0.027,-0.043,0.156,-0.761
0.006,0.085,0.079,-0.045,-0.037,0.081,0.098,-0.212,-0.029,-0.045,0.153,-0.78
0.007,0.089,0.082,-0.048,-0.038,0.085,0.12,-0.192,-0.017,-0.031,0.157,-0.793
0.022,0.084,0.062,-0.053,-0.02,0.072,0.13,-0.202,-0.008,-0.034,0.151,-0.822
0.019,0.125,0.106,-0.073,-0.044,0.115,0.132,-0.169,0.055,0.007,0.165,-0.833
0.006,0.135,0.129,-0.071,-0.062,0.132,0.105,-0.146,0.064,0.13,0.23,-0.827
0.037,0.151,0.114,-0.094,-0.039,0.132,-0.014,-0.533,-0.302,-0.246,0.258,-0.824
0.151,0.137,-0.014,-0.144,0.082,0.061,-0.185,-1.135,-1.002,-1.236,0.121,-0.738
0.2,0.182,-0.019,-0.191,0.109,0.081,-0.372,-1.731,-1.555,-1.942,-0.215,-0.676
0.222,0.17,-0.052,-0.196,0.136,0.059,-0.433,-1.904,-1.539,-1.743,-0.322,-0.652
0.363,-0.091,-0.454,-0.136,0.409,-0.272,-0.414,-1.373,-1.144,-1.153,-0.237,-0.652
0.236,-0.115,-0.352,-0.06,0.294,-0.233,-0.24,-0.676,-0.556,-0.581,-0.138,-0.886
0.03,0.008,-0.023,-0.019,0.026,-0.007,0.017,-0.295,-0.112,-0.123,0.109,-1.06
0.018,0.049,0.03,-0.034,-0.006,0.039,0.065,-0.209,-0.018,-0.004,0.202,-1.067
-0.009,0.072,0.081,-0.032,-0.046,0.076,0.094,-0.175,0.034,0.02,0.193,-1.109
-0.017,0.061,0.077,-0.022,-0.047,0.069,0.129,-0.166,0.059,0.055,0.225,-1.138
-0.012,0.067,0.079,-0.028,-0.046,0.072,0.125,-0.164,0.061,0.06,0.223,-1.177
-0.034,0.058,0.092,-0.012,-0.063,0.075,0.155,-0.157,0.068,0.077,0.227,-1.202
-0.041,0.06,0.101,-0.01,-0.071,0.081,0.159,-0.155,0.071,0.08,0.22,-1.223
-0.037,0.06,0.097,-0.012,-0.067,0.078,0.166,-0.148,0.077,0.081,0.22,-1.235
-0.034,0.059,0.093,-0.013,-0.063,0.075,0.169,-0.146,0.074,0.08,0.22,-1.233
-0.022,0.07,0.092,-0.024,-0.057,0.081,0.159,-0.139,0.076,0.08,0.214,-1.244
-0.021,0.068,0.089,-0.023,-0.055,0.078,0.155,-0.136,0.074,0.08,0.209,-1.253
-0.033,0.062,0.095,-0.015,-0.064,0.079,0.147,-0.131,0.075,0.083,0.203,-1.269
-0.05,0.058,0.109,-0.004,-0.08,0.083,0.142,-0.126,0.076,0.086,0.198,-1.294
-0.054,0.054,0.108,0.0,-0.081,0.08,0.142,-0.122,0.081,0.084,0.192,-1.319
-0.054,0.049,0.103,0.002,-0.079,0.076,0.148,-0.109,0.084,0.086,0.187,-1.336
-0.052,0.045,0.097,0.003,-0.075,0.071,0.151,-0.098,0.093,0.084,0.184,-1.36
-0.056,0.04,0.096,0.008,-0.076,0.067,0.159,-0.076,0.113,0.091,0.182,-1.379
-0.053,0.035,0.088,0.009,-0.071,0.061,0.188,-0.053,0.134,0.105,0.179,-1.401
-0.058,0.031,0.09,0.013,-0.074,0.06,0.212,-0.048,0.163,0.11,0.176,-1.433
-0.096,0.026,0.122,0.035,-0.109,0.074,0.217,-0.045,0.178,0.111,0.174,-1.459
-0.088,0.027,0.115,0.03,-0.102,0.071,0.231,-0.042,0.192,0.125,0.175,-1.49
-0.079,0.031,0.109,0.024,-0.094,0.07,0.248,-0.036,0.199,0.139,0.175,-1.507
-0.062,0.03,0.092,0.016,-0.077,0.06,0.246,-0.036,0.192,0.125,0.175,-1.51
-0.071,0.037,0.108,0.017,-0.09,0.072,0.241,-0.056,0.171,0.112,0.199,-1.515
-0.062,0.048,0.11,0.007,-0.086,0.079,0.21,-0.115,0.119,0.093,0.217,-1.513
-0.016,0.055,0.071,-0.02,-0.044,0.063,0.167,-0.168,0.074,0.063,0.214,-1.514
-0.02,0.062,0.082,-0.021,-0.051,0.072,0.152,-0.19,0.039,0.05,0.215,-1.515
-0.005,0.06,0.065,-0.028,-0.035,0.062,0.138,-0.212,0.012,0.044,0.215,-1.511
-0.002,0.053,0.055,-0.026,-0.029,0.054,0.129,-0.227,0.002,0.037,0.214,-1.542
-0.007,0.049,0.056,-0.021,-0.031,0.052,0.125,-0.231,-0.003,0.029,0.218,-1.584
-0.029,0.043,0.072,-0.007,-0.051,0.057,0.12,-0.23,-0.007,0.022,0.22,-1.61
-0.048,0.037,0.085,0.005,-0.066,0.061,0.117,-0.23,-0.014,0.02,0.22,-1.66
-0.021,0.037,0.058,-0.008,-0.04,0.047,0.11,-0.229,-0.019,0.02,0.22,-1.708
-0.013,0.042,0.055,-0.015,-0.034,0.049,0.112,-0.237,-0.017,0.02,0.22,-1.746
-0.032,0.044,0.076,-0.006,-0.054,0.06,0.117,-0.246,-0.012,0.02,0.22,-1.789
-0.038,0.041,0.079,-0.002,-0.058,0.06,0.12,-0.244,-0.01,0.02,0.22,-1.829
-0.032,0.038,0.07,-0.003,-0.051,0.053,0.125,-0.245,-0.006,0.021,0.22,-1.867
-0.033,0.036,0.069,-0.002,-0.051,0.052,0.125,-0.245,-0.002,0.028,0.219,-1.906
-0.03,0.032,0.062,-0.001,-0.046,0.047,0.125,-0.245,0.001,0.034,0.221,-1.951
-0.03,0.03,0.06,0.0,-0.045,0.045,0.127,-0.241,0.007,0.037,0.219,-1.997
-0.03,0.03,0.06,0.0,-0.045,0.045,0.137,-0.235,0.013,0.041,0.223,-2.021
-0.029,0.031,0.06,-0.001,-0.045,0.045,0.152,-0.23,0.017,0.058,0.225,-2.049
-0.017,0.043,0.06,-0.013,-0.039,0.051,0.15,-0.224,0.024,0.072,0.225,-2.081
-0.014,0.045,0.06,-0.015,-0.037,0.052,0.141,-0.218,0.029,0.074,0.245,-2.099
-0.022,0.039,0.061,-0.008,-0.041,0.05,0.136,-0.216,0.03,0.072,0.25,-2.102
-0.017,0.038,0.055,-0.011,-0.037,0.046,0.126,-0.22,0.03,0.069,0.258,-2.085
-0.014,0.032,0.045,-0.009,-0.03,0.038,0.122,-0.22,0.03,0.07,0.272,-2.097
-0.007,0.03,0.037,-0.012,-0.022,0.033,0.123,-0.222,0.03,0.07,0.269,-2.141
-0.039,0.035,0.074,0.002,-0.057,0.054,0.128,-0.226,0.03,0.07,0.27,-2.178
-0.048,0.033,0.081,0.007,-0.065,0.057,0.136,-0.224,0.031,0.071,0.27,-2.217
-0.012,0.042,0.055,-0.015,-0.034,0.048,0.134,-0.222,0.035,0.075,0.269,-2.263
-0.04,0.048,0.088,-0.004,-0.065,0.068,0.136,-0.219,0.035,0.075,0.278,-2.288
-0.031,0.042,0.074,-0.006,-0.053,0.058,0.133,-0.216,0.035,0.077,0.293,-2.302
-0.045,0.031,0.076,0.007,-0.061,0.053,0.141,-0.213,0.035,0.081,0.283,-2.333
-0.088,0.04,0.128,0.024,-0.108,0.083,0.16,-0.21,0.035,0.08,0.295,-2.341
-0.052,0.072,0.124,-0.011,-0.088,0.098,0.16,-0.208,0.038,0.084,0.321,-2.343
-0.049,0.076,0.125,-0.014,-0.088,0.101,0.163,-0.204,0.041,0.085,0.321,-2.354
-0.059,0.074,0.132,-0.008,-0.096,0.103,0.165,-0.198,0.044,0.084,0.325,-2.367
-0.05,0.076,0.126,-0.013,-0.088,0.1,0.167,-0.194,0.047,0.087,0.326,-2.385
-0.059,0.086,0.145,-0.014,-0.102,0.115,0.168,-0.19,0.05,0.09,0.341,-2.395
-0.074,0.092,0.166,-0.009,-0.12,0.129,0.164,-0.185,0.05,0.093,0.356,-2.42
-0.075,0.085,0.16,-0.005,-0.118,0.122,0.162,-0.19,0.05,0.095,0.354,-2.452
-0.07,0.085,0.155,-0.008,-0.113,0.12,0.159,-0.196,0.05,0.098,0.355,-2.476
-0.072,0.08,0.152,-0.004,-0.112,0.116,0.155,-0.194,0.05,0.1,0.354,-2.49
-0.065,0.08,0.146,-0.008,-0.106,0.113,0.155,-0.197,0.05,0.1,0.355,-2.52
-0.058,0.085,0.143,-0.014,-0.101,0.113,0.159,-0.2,0.058,0.1,0.352,-2.555
-0.051,0.085,0.136,-0.017,-0.094,0.11,0.16,-0.2,0.061,0.1,0.349,-2.58
-0.04,0.089,0.128,-0.025,-0.084,0.109,0.159,-0.197,0.059,0.1,0.35,-2.599
-0.053,0.09,0.143,-0.018,-0.098,0.116,0.161,-0.192,0.06,0.1,0.35,-2.609
-0.065,0.092,0.157,-0.014,-0.111,0.124,0.159,-0.189,0.06,0.1,0.35,-2.631
-0.051,0.096,0.147,-0.022,-0.1,0.121,0.163,-0.186,0.06,0.1,0.35,-2.647
-0.051,0.095,0.145,-0.022,-0.098,0.12,0.165,-0.181,0.066,0.1,0.35,-2.667
-0.045,0.095,0.14,-0.025,-0.093,0.117,0.164,-0.181,0.068,0.1,0.35,-2.697
-0.04,0.095,0.134,-0.028,-0.088,0.115,0.176,-0.185,0.062,0.096,0.35,-2.719
-0.041,0.095,0.136,-0.027,-0.089,0.116,0.181,-0.187,0.057,0.095,0.35,-2.727
-0.038,0.095,0.133,-0.029,-0.086,0.114,0.179,-0.191,0.053,0.095,0.35,-2.728
-0.058,0.095,0.153,-0.018,-0.106,0.124,0.18,-0.193,0.049,0.095,0.348,-2.745
-0.063,0.095,0.158,-0.016,-0.111,0.126,0.18,-0.197,0.043,0.095,0.342,-2.77
-0.074,0.095,0.168,-0.011,-0.122,0.131,0.18,-0.204,0.056,0.094,0.337,-2.798
-0.104,0.095,0.199,0.004,-0.152,0.147,0.174,-0.206,0.067,0.089,0.334,-2.84
-0.099,0.093,0.192,0.003,-0.145,0.142,0.168,-0.204,0.06,0.084,0.328,-2.863
-0.101,0.089,0.189,0.006,-0.145,0.139,0.164,-0.201,0.058,0.08,0.325,-2.885
-0.096,0.091,0.187,0.002,-0.142,0.139,0.158,-0.199,0.053,0.075,0.325,-2.928
-0.096,0.088,0.183,0.004,-0.14,0.135,0.152,-0.202,0.05,0.07,0.325,-2.958
-0.085,0.098,0.183,-0.007,-0.134,0.14,0.152,-0.205,0.05,0.066,0.325,-2.969
-0.057,0.116,0.173,-0.03,-0.115,0.144,0.155,-0.205,0.05,0.065,0.325,-2.984
-0.062,0.11,0.172,-0.024,-0.117,0.141,0.155,-0.205,0.05,0.065,0.325,-3.006
-0.058,0.105,0.163,-0.024,-0.111,0.134,0.158,-0.205,0.05,0.065,0.322,-3.008
-0.057,0.102,0.159,-0.022,-0.109,0.13,0.161,-0.205,0.05,0.065,0.316,-3.019
-0.059,0.095,0.154,-0.018,-0.107,0.125,0.159,-0.209,0.049,0.064,0.311,-3.038
-0.057,0.098,0.154,-0.021,-0.106,0.126,0.156,-0.21,0.044,0.06,0.306,-3.067
-0.058,0.1,0.158,-0.022,-0.108,0.128,0.153,-0.21,0.041,0.058,0.299,-3.107
-0.033,0.1,0.132,-0.034,-0.083,0.116,0.15,-0.21,0.038,0.055,0.295,-3.142
-0.046,0.104,0.15,-0.029,-0.099,0.127,0.147,-0.21,0.033,0.051,0.302,-3.194
-0.058,0.105,0.163,-0.024,-0.111,0.134,0.145,-0.21,0.031,0.05,0.303,-3.242
-0.035,0.105,0.14,-0.035,-0.087,0.122,0.143,-0.209,0.027,0.047,0.293,-3.273
-0.026,0.11,0.136,-0.042,-0.081,0.122,0.14,-0.209,0.025,0.042,0.289,-3.297
-0.017,0.11,0.128,-0.047,-0.072,0.119,0.136,-0.206,0.025,0.036,0.279,-3.312
-0.015,0.11,0.125,-0.048,-0.07,0.117,0.135,-0.204,0.025,0.033,0.278,-3.325
-0.006,0.11,0.117,-0.052,-0.061,0.113,0.13,-0.205,0.025,0.027,0.289,-3.343
-0.004,0.109,0.114,-0.053,-0.059,0.111,0.131,-0.205,0.025,0.026,0.286,-3.374
0.007,0.113,0.106,-0.06,-0.049,0.109,0.134,-0.204,0.037,0.044,0.279,-3.483
0.011,0.118,0.107,-0.065,-0.048,0.112,0.136,-0.207,0.041,0.041,0.274,-3.607
-0.012,0.114,0.126,-0.051,-0.069,0.12,0.14,-0.209,0.037,0.034,0.269,-3.668
-0.014,0.115,0.129,-0.051,-0.072,0.122,0.14,-0.212,0.033,0.027,0.263,-3.712
-0.004,0.115,0.12,-0.056,-0.062,0.117,0.154,-0.21,0.032,0.021,0.261,-3.753
-0.002,0.114,0.116,-0.056,-0.06,0.115,0.16,-0.218,0.027,0.015,0.256,-3.787
0.006,0.117,0.112,-0.062,-0.053,0.114,0.161,-0.212,0.027,0.016,0.256,-3.814
0.016,0.117,0.1,-0.067,-0.042,0.108,0.158,-0.213,0.016,0.016,0.251,-3.847
0.01,0.124,0.115,-0.067,-0.053,0.119,0.161,-0.208,0.015,0.007,0.25,-3.88
0.008,0.114,0.106,-0.061,-0.049,0.11,0.159,-0.199,0.014,0.019,0.251,-3.92
-0.016,0.129,0.145,-0.057,-0.081,0.136,0.159,-0.189,0.06,0.05,0.261,-3.997
-0.009,0.142,0.151,-0.067,-0.08,0.146,0.176,-0.12,0.135,0.171,0.313,-4.054
0.002,0.156,0.154,-0.079,-0.076,0.155,0.082,-0.346,-0.134,-0.058,0.351,-4.047
0.082,0.16,0.079,-0.121,0.001,0.119,-0.09,-0.901,-0.801,-1.003,0.273,-3.987
0.178,0.2,0.022,-0.19,0.078,0.111,-0.276,-1.515,-1.461,-1.894,-0.043,-3.868
0.184,0.248,0.064,-0.216,0.059,0.156,-0.371,-1.847,-1.617,-1.901,-0.248,-3.794
0.338,0.022,-0.316,-0.18,0.327,-0.147,-0.376,-1.484,-1.271,-1.321,-0.181,-3.799
0.298,-0.107,-0.405,-0.095,0.352,-0.255,-0.242,-0.769,-0.675,-0.699,-0.103,-4.006
0.09,0.023,-0.067,-0.056,0.078,-0.022,0.044,-0.314,-0.158,-0.181,0.08,-4.307
0.082,0.091,0.008,-0.087,0.037,0.049,0.14,-0.195,-0.015,0.003,0.199,-4.401
0.092,0.103,0.012,-0.098,0.04,0.058,0.15,-0.157,0.021,0.013,0.187,-4.441
0.076,0.098,0.022,-0.087,0.027,0.06,0.179,-0.14,0.05,0.044,0.189,-4.475
0.054,0.101,0.046,-0.078,0.004,0.073,0.171,-0.138,0.053,0.042,0.179,-4.496
0.056,0.1,0.044,-0.078,0.006,0.072,0.178,-0.127,0.057,0.047,0.176,-4.532
0.064,0.099,0.035,-0.082,0.015,0.067,0.169,-0.124,0.056,0.044,0.17,-4.557
0.06,0.096,0.036,-0.078,0.011,0.066,0.171,-0.115,0.062,0.045,0.164,-4.582
0.068,0.094,0.027,-0.081,0.02,0.06,0.169,-0.112,0.059,0.046,0.159,-4.598
0.069,0.094,0.026,-0.082,0.021,0.06,0.165,-0.106,0.066,0.04,0.153,-4.62
0.07,0.089,0.019,-0.08,0.025,0.054,0.164,-0.101,0.065,0.033,0.148,-4.625
0.079,0.091,0.011,-0.085,0.034,0.051,0.16,-0.097,0.065,0.025,0.142,-4.627
0.072,0.088,0.016,-0.08,0.028,0.052,0.158,-0.092,0.065,0.018,0.137,-4.656
0.044,0.081,0.037,-0.063,0.003,0.059,0.155,-0.088,0.065,0.01,0.117,-4.68
0.036,0.077,0.04,-0.056,-0.002,0.058,0.155,-0.085,0.065,0.005,0.1,-4.716
0.027,0.07,0.043,-0.049,-0.008,0.056,0.17,-0.085,0.065,-0.002,0.09,-4.749
0.02,0.065,0.045,-0.043,-0.013,0.055,0.193,-0.082,0.066,-0.007,0.078,-4.745
0.02,0.06,0.04,-0.04,-0.01,0.05,0.205,-0.079,0.065,-0.012,0.066,-4.767
0.023,0.055,0.032,-0.039,-0.005,0.043,0.222,-0.08,0.076,-0.018,0.05,-4.764
0.027,0.055,0.029,-0.041,-0.002,0.042,0.232,-0.076,0.088,-0.023,0.034,-4.707
0.034,0.053,0.02,-0.044,0.007,0.036,0.236,-0.072,0.099,-0.029,0.029,-4.654
0.033,0.05,0.017,-0.042,0.008,0.033,0.246,-0.069,0.097,-0.03,0.03,-4.611
0.001,0.049,0.049,-0.025,-0.024,0.049,0.246,-0.066,0.088,-0.031,0.03,-4.574
-0.001,0.053,0.054,-0.026,-0.028,0.053,0.239,-0.061,0.083,-0.034,0.03,-4.52
0.014,0.056,0.042,-0.035,-0.015,0.049,0.221,-0.059,0.075,-0.036,0.03,-4.445
0.023,0.062,0.039,-0.043,-0.008,0.05,0.189,-0.074,0.072,-0.034,0.028,-4.374
0.044,0.074,0.03,-0.059,0.007,0.052,0.175,-0.113,0.046,-0.046,0.021,-4.31
0.053,0.076,0.023,-0.064,0.014,0.049,0.17,-0.137,0.011,-0.066,0.014,-4.257
0.059,0.074,0.016,-0.067,0.021,0.045,0.161,-0.144,-0.006,-0.075,0.008,-4.207
0.07,0.076,0.006,-0.073,0.031,0.04,0.154,-0.175,-0.021,-0.097,0.0,-4.157
0.073,0.074,0.001,-0.074,0.036,0.037,0.147,-0.188,-0.029,-0.107,-0.005,-4.108
0.087,0.077,-0.01,-0.081,0.048,0.033,0.141,-0.183,-0.044,-0.104,-0.013,-4.062
0.1,0.08,-0.02,-0.09,0.06,0.03,0.14,-0.197,-0.046,-0.105,-0.015,-4.012
0.099,0.08,-0.019,-0.089,0.059,0.03,0.14,-0.2,-0.05,-0.11,-0.028,-3.963
0.119,0.082,-0.037,-0.101,0.078,0.023,0.135,-0.2,-0.065,-0.119,-0.05,-3.923
0.134,0.085,-0.048,-0.109,0.091,0.018,0.135,-0.207,-0.057,-0.114,-0.051,-3.901
0.121,0.085,-0.036,-0.103,0.078,0.024,0.136,-0.212,-0.051,-0.109,-0.051,-3.891
0.12,0.082,-0.038,-0.1,0.079,0.022,0.14,-0.214,-0.045,-0.103,-0.066,-3.872
0.125,0.077,-0.048,-0.101,0.087,0.014,0.14,-0.211,-0.037,-0.097,-0.073,-3.861
0.099,0.074,-0.024,-0.086,0.061,0.025,0.139,-0.206,-0.033,-0.093,-0.08,-3.838
0.085,0.07,-0.014,-0.077,0.05,0.028,0.141,-0.203,-0.029,-0.086,-0.096,-3.862
0.091,0.066,-0.024,-0.078,0.057,0.021,0.138,-0.2,-0.027,-0.081,-0.103,-3.933
0.077,0.063,-0.013,-0.07,0.044,0.025,0.153,-0.195,-0.024,-0.076,-0.109,-3.952
0.065,0.06,-0.005,-0.062,0.035,0.027,0.167,-0.198,-0.021,-0.07,-0.115,-3.967
0.09,0.06,-0.029,-0.074,0.059,0.015,0.164,-0.2,-0.019,-0.066,-0.115,-3.969
0.118,0.06,-0.058,-0.089,0.088,0.001,0.165,-0.2,-0.016,-0.069,-0.114,-3.961
0.112,0.06,-0.052,-0.086,0.082,0.004,0.165,-0.2,-0.015,-0.07,-0.119,-3.947
0.107,0.06,-0.047,-0.083,0.077,0.006,0.165,-0.2,-0.014,-0.07,-0.13,-3.924
0.1,0.056,-0.044,-0.078,0.072,0.006,0.162,-0.2,-0.01,-0.07,-0.13,-3.874
0.093,0.055,-0.038,-0.073,0.065,0.008,0.159,-0.199,-0.01,-0.072,-0.13,-3.83
0.091,0.055,-0.035,-0.072,0.063,0.01,0.156,-0.221,-0.012,-0.076,-0.13,-3.761
0.084,0.055,-0.029,-0.069,0.056,0.013,0.153,-0.232,-0.016,-0.074,-0.13,-3.618
0.082,0.055,-0.027,-0.068,0.054,0.014,0.15,-0.229,-0.019,-0.079,-0.128,-3.423
0.074,0.055,-0.019,-0.064,0.046,0.018,0.151,-0.231,-0.023,-0.079,-0.124,-3.238
0.081,0.055,-0.026,-0.068,0.053,0.014,0.156,-0.23,-0.025,-0.081,-0.122,-3.112
0.1,0.055,-0.045,-0.077,0.072,0.005,0.159,-0.23,-0.025,-0.09,-0.119,-2.906
0.099,0.055,-0.044,-0.077,0.071,0.005,0.164,-0.225,-0.025,-0.09,-0.116,-2.82
0.094,0.055,-0.039,-0.074,0.066,0.007,0.165,-0.221,-0.025,-0.089,-0.114,-2.506
0.093,0.056,-0.037,-0.074,0.065,0.009,0.165,-0.218,-0.025,-0.085,-0.111,-2.257
0.083,0.051,-0.032,-0.066,0.058,0.009,0.17,-0.214,-0.025,-0.084,-0.11,-1.838
0.081,0.05,-0.031,-0.066,0.056,0.01,0.171,-0.21,-0.024,-0.083,-0.109,-1.331
0.073,0.044,-0.028,-0.059,0.05,0.008,0.168,-0.207,-0.025,-0.079,-0.104,0.103
0.081,0.046,-0.035,-0.064,0.057,0.005,0.165,-0.204,-0.025,-0.078,-0.106,3.995
0.119,0.072,-0.046,-0.095,0.082,0.013,0.162,-0.205,-0.025,-0.074,-0.099,5.689
0.116,0.073,-0.043,-0.094,0.08,0.015,0.16,-0.205,-0.025,-0.072,-0.077,5.078
0.105,0.065,-0.04,-0.085,0.072,0.012,0.156,-0.205,-0.025,-0.07,-0.062,5.108
0.102,0.063,-0.039,-0.082,0.07,0.012,0.155,-0.205,-0.026,-0.066,-0.056,4.8
0.09,0.057,-0.032,-0.073,0.061,0.012,0.151,-0.199,-0.024,-0.065,-0.046,4.646
0.093,0.053,-0.04,-0.073,0.066,0.006,0.15,-0.193,-0.026,-0.064,-0.039,4.481
0.088,0.051,-0.037,-0.07,0.063,0.007,0.15,-0.189,-0.024,-0.061,-0.032,4.339
0.092,0.049,-0.043,-0.07,0.067,0.003,0.145,-0.182,-0.026,-0.059,-0.026,4.246
0.09,0.049,-0.041,-0.069,0.065,0.004,0.144,-0.177,-0.023,-0.061,-0.02,4.1
0.091,0.043,-0.048,-0.066,0.069,-0.002,0.145,-0.183,-0.012,-0.052,-0.011,4.031
0.091,0.046,-0.044,-0.068,0.067,0.001,0.138,-0.205,-0.009,-0.057,-0.007,3.903
0.078,0.042,-0.036,-0.06,0.057,0.003,0.136,-0.188,0.007,-0.054,0.002,3.812
0.097,0.039,-0.058,-0.068,0.077,-0.009,0.138,-0.191,0.002,-0.039,0.015,3.69
0.09,0.081,-0.008,-0.085,0.049,0.036,0.171,-0.177,0.062,0.037,0.055,3.616
0.084,0.08,-0.003,-0.082,0.043,0.038,0.164,-0.172,0.05,0.111,0.1,3.562
0.117,0.09,-0.027,-0.103,0.072,0.031,0.037,-0.499,-0.388,-0.405,0.124,3.516
0.228,0.09,-0.138,-0.159,0.183,-0.024,-0.141,-1.11,-1.14,-1.489,-0.064,3.526
0.251,0.141,-0.11,-0.196,0.18,0.016,-0.292,-1.695,-1.63,-2.073,-0.41,3.548
0.273,0.081,-0.192,-0.177,0.232,-0.055,-0.346,-1.801,-1.556,-1.761,-0.448,3.53
0.441,-0.185,-0.626,-0.128,0.534,-0.405,-0.333,-1.233,-1.131,-1.163,-0.37,3.412
0.322,-0.175,-0.497,-0.073,0.41,-0.336,-0.13,-0.549,-0.508,-0.559,-0.258,3.107
0.121,-0.042,-0.164,-0.039,0.143,-0.103,0.107,-0.208,-0.103,-0.129,-0.001,2.887
0.111,-0.007,-0.118,-0.052,0.115,-0.062,0.137,-0.134,-0.026,-0.027,0.077,2.845
0.111,0.014,-0.097,-0.062,0.103,-0.041,0.145,-0.123,0.016,0.005,0.068,2.762
0.11,0.016,-0.094,-0.063,0.102,-0.039,0.16,-0.112,0.028,0.029,0.086,2.686
0.094,0.016,-0.078,-0.055,0.086,-0.03,0.178,-0.103,0.044,0.042,0.083,2.611
0.091,0.013,-0.078,-0.052,0.084,-0.032,0.188,-0.092,0.049,0.052,0.09,2.525
0.084,0.032,-0.052,-0.058,0.068,-0.01,0.182,-0.079,0.054,0.055,0.089,2.465
0.103,0.038,-0.066,-0.07,0.084,-0.014,0.186,-0.065,0.079,0.07,0.09,2.408
0.105,0.033,-0.072,-0.069,0.088,-0.019,0.185,-0.052,0.079,0.069,0.09,2.34
0.069,0.031,-0.039,-0.05,0.054,-0.004,0.192,-0.043,0.083,0.079,0.09,2.273
0.075,0.026,-0.049,-0.05,0.062,-0.012,0.202,-0.035,0.086,0.085,0.09,2.207
0.064,0.023,-0.041,-0.043,0.052,-0.009,0.212,-0.026,0.084,0.077,0.09,2.142
0.072,0.019,-0.053,-0.045,0.062,-0.016,0.204,-0.018,0.098,0.073,0.088,2.063
0.096,0.015,-0.08,-0.055,0.087,-0.032,0.218,-0.007,0.107,0.066,0.083,1.985
0.084,0.01,-0.075,-0.047,0.079,-0.032,0.238,0.002,0.104,0.061,0.08,1.912
0.076,0.005,-0.07,-0.041,0.073,-0.032,0.233,0.013,0.106,0.064,0.077,1.827
0.065,0.001,-0.064,-0.033,0.064,-0.031,0.238,0.023,0.105,0.066,0.072,1.759
0.055,-0.004,-0.059,-0.026,0.058,-0.031,0.24,0.033,0.113,0.068,0.07,1.685
0.046,-0.007,-0.053,-0.019,0.05,-0.03,0.24,0.044,0.123,0.072,0.075,1.603
0.05,-0.011,-0.061,-0.019,0.055,-0.035,0.245,0.051,0.129,0.069,0.075,1.538
0.066,-0.014,-0.08,-0.026,0.074,-0.046,0.266,0.075,0.158,0.085,0.075,1.489
0.062,-0.018,-0.08,-0.022,0.072,-0.049,0.274,0.082,0.165,0.095,0.074,1.441
0.06,-0.02,-0.08,-0.02,0.07,-0.05,0.253,0.068,0.147,0.088,0.078,1.395
0.071,-0.015,-0.086,-0.028,0.079,-0.051,0.232,0.054,0.126,0.078,0.093,1.367
0.068,-0.015,-0.084,-0.026,0.076,-0.05,0.213,0.025,0.082,0.04,0.092,1.347
0.072,-0.013,-0.085,-0.029,0.079,-0.049,0.2,-0.01,0.039,0.0,0.085,1.323
0.095,-0.01,-0.105,-0.042,0.1,-0.058,0.187,-0.045,0.008,-0.033,0.081,1.29
0.105,-0.009,-0.114,-0.047,0.109,-0.061,0.178,-0.06,-0.006,-0.052,0.075,1.256
0.1,-0.015,-0.116,-0.042,0.108,-0.065,0.173,-0.061,-0.016,-0.066,0.07,1.224
0.079,-0.042,-0.121,-0.018,0.101,-0.082,0.164,-0.065,-0.029,-0.08,0.078,1.194
0.082,-0.056,-0.138,-0.013,0.111,-0.097,0.158,-0.067,-0.035,-0.08,0.091,1.155
0.099,-0.054,-0.153,-0.022,0.126,-0.103,0.15,-0.071,-0.044,-0.08,0.088,1.113
0.091,-0.055,-0.146,-0.017,0.119,-0.101,0.146,-0.069,-0.044,-0.08,0.083,1.075
0.09,-0.054,-0.145,-0.017,0.118,-0.1,0.143,-0.078,-0.046,-0.08,0.082,1.034
0.087,-0.056,-0.142,-0.015,0.115,-0.099,0.14,-0.087,-0.055,-0.078,0.073,0.998
0.084,-0.054,-0.138,-0.015,0.111,-0.095,0.138,-0.082,-0.053,-0.074,0.083,0.96
0.086,-0.063,-0.149,-0.011,0.118,-0.106,0.134,-0.08,-0.049,-0.072,0.105,0.896
0.076,-0.072,-0.148,-0.002,0.112,-0.11,0.138,-0.076,-0.046,-0.069,0.105,0.837
0.092,-0.063,-0.156,-0.014,0.125,-0.109,0.144,-0.075,-0.041,-0.066,0.108,0.801
0.116,-0.071,-0.187,-0.022,0.152,-0.129,0.153,-0.071,-0.039,-0.064,0.11,0.764
0.092,-0.085,-0.176,-0.003,0.134,-0.13,0.163,-0.06,-0.034,-0.061,0.112,0.726
0.065,-0.086,-0.15,0.01,0.108,-0.118,0.157,-0.05,-0.029,-0.06,0.12,0.684
0.081,-0.084,-0.165,0.002,0.123,-0.124,0.168,-0.041,-0.025,-0.06,0.125,0.644
0.105,-0.081,-0.186,-0.012,0.146,-0.133,0.179,-0.04,-0.02,-0.06,0.127,0.643
0.098,-0.079,-0.177,-0.009,0.138,-0.128,0.182,-0.04,-0.016,-0.059,0.139,0.642
0.088,-0.082,-0.17,-0.003,0.129,-0.126,0.194,-0.04,-0.011,-0.064,0.157,0.626
0.08,-0.085,-0.165,0.003,0.123,-0.125,0.191,-0.04,-0.01,-0.075,0.162,0.618
0.071,-0.085,-0.156,0.007,0.114,-0.12,0.184,-0.04,-0.01,-0.075,0.162,0.596
0.071,-0.087,-0.158,0.008,0.115,-0.123,0.18,-0.049,-0.01,-0.075,0.169,0.572
0.069,-0.09,-0.16,0.011,0.115,-0.125,0.173,-0.047,-0.01,-0.075,0.191,0.569
0.077,-0.09,-0.167,0.007,0.122,-0.128,0.169,-0.038,-0.01,-0.075,0.197,0.57
0.081,-0.086,-0.168,0.003,0.125,-0.127,0.165,-0.033,-0.01,-0.073,0.198,0.566
0.09,-0.081,-0.172,-0.005,0.131,-0.126,0.165,-0.025,-0.01,-0.066,0.203,0.565
0.096,-0.076,-0.172,-0.01,0.134,-0.124,0.165,-0.021,-0.01,-0.059,0.207,0.563
0.103,-0.073,-0.176,-0.014,0.139,-0.124,0.165,-0.026,-0.01,-0.053,0.227,0.573
0.112,-0.067,-0.179,-0.022,0.145,-0.122,0.165,-0.042,-0.01,-0.046,0.246,0.58
0.068,-0.065,-0.132,-0.001,0.101,-0.098,0.168,-0.044,-0.006,-0.04,0.258,0.572
0.067,-0.077,-0.143,0.005,0.105,-0.11,0.171,-0.035,0.0,-0.035,0.262,0.57
0.086,-0.081,-0.167,-0.002,0.126,-0.124,0.174,-0.03,0.005,-0.032,0.266,0.564
0.068,-0.079,-0.147,0.006,0.107,-0.113,0.174,-0.022,0.011,-0.028,0.273,0.561
0.064,-0.077,-0.141,0.007,0.102,-0.108,0.168,-0.016,0.017,-0.024,0.281,0.553
0.057,-0.074,-0.132,0.009,0.095,-0.103,0.164,-0.011,0.02,-0.021,0.293,0.535
0.046,-0.075,-0.121,0.015,0.084,-0.098,0.159,-0.01,0.02,-0.017,0.297,0.519
0.053,-0.075,-0.127,0.011,0.09,-0.101,0.155,-0.01,0.02,-0.015,0.302,0.497
0.087,-0.075,-0.162,-0.006,0.125,-0.118,0.15,-0.005,0.02,-0.012,0.303,0.474
0.092,-0.075,-0.167,-0.008,0.13,-0.121,0.153,-0.005,0.02,-0.009,0.314,0.446
0.089,-0.075,-0.164,-0.007,0.127,-0.119,0.155,-0.004,0.02,-0.006,0.336,0.414
0.095,-0.075,-0.171,-0.01,0.134,-0.123,0.155,0.0,0.017,-0.005,0.334,0.38
0.095,-0.074,-0.169,-0.01,0.133,-0.121,0.16,0.0,0.009,-0.01,0.335,0.347
0.094,-0.075,-0.169,-0.009,0.132,-0.122,0.159,0.002,0.006,-0.01,0.335,0.322
0.09,-0.075,-0.165,-0.007,0.128,-0.12,0.161,0.005,0.023,-0.011,0.335,0.299
0.088,-0.075,-0.163,-0.006,0.126,-0.119,0.165,0.005,0.032,-0.015,0.335,0.276
0.069,-0.09,-0.16,0.01,0.115,-0.124,0.165,0.001,0.029,-0.015,0.335,0.25
0.06,-0.097,-0.156,0.019,0.108,-0.126,0.165,0.0,0.026,-0.013,0.35,0.227
0.061,-0.094,-0.155,0.017,0.108,-0.124,0.165,0.0,0.024,-0.009,0.356,0.207
0.063,-0.092,-0.155,0.015,0.109,-0.123,0.165,0.0,0.019,-0.007,0.353,0.188
0.066,-0.089,-0.155,0.012,0.11,-0.121,0.162,0.0,0.022,-0.004,0.357,0.173
0.064,-0.091,-0.155,0.014,0.109,-0.122,0.157,0.001,0.042,-0.001,0.369,0.153
0.061,-0.094,-0.155,0.017,0.108,-0.125,0.154,0.008,0.047,0.002,0.37,0.126
0.059,-0.095,-0.155,0.018,0.108,-0.125,0.151,0.013,0.045,0.004,0.37,0.102
0.061,-0.095,-0.156,0.017,0.109,-0.125,0.146,0.018,0.046,0.008,0.389,0.082
0.065,-0.095,-0.16,0.015,0.113,-0.127,0.146,0.024,0.045,0.01,0.396,0.063
0.065,-0.095,-0.159,0.015,0.113,-0.126,0.15,0.029,0.045,0.012,0.394,0.06
0.065,-0.097,-0.162,0.016,0.114,-0.129,0.15,0.033,0.039,0.016,0.395,0.059
0.065,-0.1,-0.165,0.018,0.115,-0.132,0.155,0.036,0.041,0.01,0.395,0.06
0.064,-0.1,-0.164,0.018,0.114,-0.131,0.155,0.035,0.037,0.02,0.394,0.059
0.072,-0.1,-0.172,0.014,0.122,-0.135,0.155,0.035,0.034,0.031,0.39,0.065
0.06,-0.101,-0.161,0.021,0.111,-0.131,0.156,0.036,0.036,0.031,0.39,0.132
0.033,-0.099,-0.132,0.033,0.083,-0.115,0.154,0.032,0.033,0.027,0.388,0.219
0.037,-0.101,-0.138,0.033,0.087,-0.119,0.156,0.032,0.038,0.027,0.386,0.276
0.034,-0.099,-0.133,0.033,0.083,-0.115,0.153,0.02,0.031,0.021,0.383,0.314
0.029,-0.101,-0.131,0.036,0.08,-0.116,0.158,0.024,0.042,0.032,0.389,0.332
0.033,-0.1,-0.132,0.033,0.082,-0.116,0.158,0.01,0.038,0.038,0.388,0.34
0.024,-0.099,-0.124,0.038,0.074,-0.111,0.162,0.014,0.057,0.041,0.392,0.356
0.051,-0.1,-0.152,0.025,0.102,-0.125,0.159,0.013,0.063,0.041,0.388,0.366
0.058,-0.082,-0.141,0.012,0.1,-0.111,0.16,0.045,0.091,0.067,0.401,0.368
0.079,-0.085,-0.164,0.003,0.122,-0.124,0.146,0.104,0.14,0.202,0.459,0.393
0.077,-0.055,-0.132,-0.011,0.105,-0.093,0.026,-0.208,-0.16,-0.074,0.503,0.443
0.133,-0.078,-0.211,-0.027,0.172,-0.145,-0.132,-0.778,-0.837,-1.038,0.438,0.558
0.217,-0.005,-0.222,-0.105,0.219,-0.113,-0.32,-1.389,-1.46,-1.838,0.135,0.703
0.216,0.021,-0.195,-0.119,0.205,-0.086,-0.388,-1.643,-1.518,-1.727,-0.029,0.786
0.359,-0.255,-0.614,-0.052,0.487,-0.434,-0.346,-1.166,-1.124,-1.141,0.02,0.749
0.288,-0.301,-0.589,0.007,0.439,-0.444,-0.191,-0.467,-0.543,-0.541,0.105,0.534
0.077,-0.172,-0.249,0.047,0.163,-0.21,0.086,-0.034,-0.038,-0.045,0.338,0.37
0.049,-0.137,-0.186,0.044,0.118,-0.161,0.167,0.083,0.085,0.092,0.433,0.348
0.028,-0.116,-0.144,0.044,0.087,-0.13,0.173,0.092,0.094,0.101,0.422,0.32
0.055,-0.114,-0.169,0.03,0.112,-0.141,0.184,0.094,0.102,0.134,0.441,0.308
0.055,-0.112,-0.167,0.029,0.111,-0.14,0.17,0.106,0.115,0.143,0.436,0.291
0.028,-0.134,-0.162,0.053,0.095,-0.147,0.175,0.116,0.137,0.157,0.442,0.274
0.023,-0.136,-0.159,0.057,0.092,-0.147,0.165,0.115,0.133,0.16,0.438,0.261
0.016,-0.133,-0.149,0.059,0.083,-0.141,0.166,0.137,0.137,0.162,0.441,0.245
0.011,-0.137,-0.148,0.063,0.08,-0.142,0.169,0.141,0.133,0.159,0.44,0.235
0.01,-0.133,-0.143,0.062,0.077,-0.138,0.17,0.14,0.149,0.16,0.436,0.224
0.009,-0.136,-0.146,0.064,0.078,-0.141,0.17,0.145,0.156,0.16,0.434,0.218
0.011,-0.134,-0.145,0.062,0.078,-0.139,0.17,0.145,0.154,0.16,0.43,0.206
0.008,-0.137,-0.145,0.065,0.077,-0.14,0.168,0.144,0.156,0.159,0.428,0.199
-0.007,-0.152,-0.145,0.08,0.07,-0.149,0.181,0.153,0.154,0.168,0.425,0.189
-0.012,-0.156,-0.144,0.084,0.066,-0.15,0.199,0.167,0.156,0.182,0.424,0.184
-0.018,-0.155,-0.137,0.086,0.06,-0.146,0.207,0.169,0.153,0.18,0.416,0.174
-0.023,-0.155,-0.132,0.089,0.055,-0.143,0.227,0.175,0.168,0.181,0.407,0.167
-0.035,-0.156,-0.121,0.096,0.044,-0.139,0.242,0.178,0.182,0.181,0.4,0.16
-0.041,-0.162,-0.122,0.102,0.041,-0.142,0.246,0.182,0.192,0.18,0.391,0.148
-0.059,-0.16,-0.101,0.11,0.021,-0.13,0.245,0.197,0.207,0.181,0.394,0.212
-0.039,-0.157,-0.118,0.098,0.04,-0.138,0.246,0.216,0.219,0.185,0.393,0.282
-0.008,-0.155,-0.147,0.081,0.07,-0.15,0.246,0.23,0.238,0.201,0.4,0.326
-0.035,-0.152,-0.117,0.093,0.041,-0.134,0.238,0.223,0.234,0.207,0.413,0.36
-0.029,-0.15,-0.121,0.089,0.046,-0.136,0.228,0.213,0.221,0.198,0.419,0.422
-0.028,-0.147,-0.119,0.087,0.046,-0.132,0.207,0.18,0.214,0.194,0.43,0.547
-0.019,-0.141,-0.122,0.08,0.051,-0.131,0.182,0.136,0.185,0.179,0.43,0.635
-0.006,-0.136,-0.13,0.071,0.062,-0.133,0.163,0.108,0.147,0.153,0.429,0.715
0.002,-0.133,-0.135,0.066,0.069,-0.134,0.154,0.088,0.121,0.137,0.43,0.795
0.035,-0.126,-0.161,0.046,0.099,-0.144,0.156,0.072,0.104,0.128,0.43,0.843
0.028,-0.127,-0.155,0.05,0.092,-0.141,0.153,0.056,0.086,0.113,0.429,0.871
0.019,-0.131,-0.15,0.056,0.084,-0.14,0.15,0.05,0.073,0.108,0.431,0.892
0.007,-0.14,-0.147,0.067,0.078,-0.143,0.15,0.04,0.069,0.102,0.429,0.913
-0.004,-0.143,-0.14,0.074,0.068,-0.142,0.148,0.039,0.067,0.102,0.431,0.932
0.012,-0.135,-0.147,0.061,0.08,-0.141,0.137,0.023,0.064,0.098,0.429,0.941
0.028,-0.13,-0.158,0.052,0.093,-0.144,0.128,0.026,0.06,0.094,0.43,0.939
0.024,-0.121,-0.144,0.049,0.084,-0.132,0.116,0.009,0.061,0.098,0.433,0.941
0.033,-0.116,-0.149,0.042,0.091,-0.132,0.098,0.011,0.067,0.109,0.434,0.938
0.05,-0.085,-0.135,0.018,0.093,-0.11,0.048,-0.005,0.062,0.175,0.473,0.975
0.105,-0.034,-0.139,-0.035,0.122,-0.086,-0.065,-0.091,-0.005,0.179,0.539,1.048
0.212,0.079,-0.133,-0.145,0.172,-0.027,-0.152,-0.122,-0.011,0.32,0.67,1.142
0.287,0.151,-0.136,-0.219,0.211,0.007,-0.269,-0.246,-0.068,0.467,0.844,1.255
0.425,0.246,-0.179,-0.335,0.302,0.033,-0.449,-0.383,-0.143,0.679,1.15,1.439
0.494,0.421,-0.073,-0.457,0.283,0.174,-0.501,-0.489,-0.022,0.92,1.437,1.662
0.484,0.277,-0.207,-0.38,0.345,0.035,-0.387,-0.194,0.045,0.134,1.279,1.666
0.529,0.059,-0.47,-0.294,0.499,-0.205,-0.343,-0.173,-0.197,-0.881,0.811,1.601
0.489,0.007,-0.482,-0.248,0.486,-0.237,-0.407,-0.791,-0.632,-0.951,0.502,1.567
0.396,-0.05,-0.447,-0.173,0.422,-0.248,-0.343,-0.796,-0.726,-0.755,0.326,1.475
0.332,-0.142,-0.474,-0.095,0.404,-0.308,-0.198,-0.514,-0.508,-0.577,0.174,1.288
0.184,-0.226,-0.41,0.021,0.297,-0.318,0.004,-0.195,-0.186,-0.175,0.242,0.931
-0.027,-0.212,-0.185,0.119,0.079,-0.198,0.187,0.064,0.064,0.069,0.339,0.779
-0.081,-0.196,-0.115,0.139,0.017,-0.155,0.206,0.052,0.071,0.069,0.339,0.78
-0.081,-0.192,-0.111,0.137,0.015,-0.151,0.204,0.074,0.076,0.079,0.329,0.683
-0.094,-0.186,-0.092,0.14,-0.001,-0.139,0.206,0.06,0.078,0.073,0.313,0.637
-0.089,-0.187,-0.098,0.139,0.005,-0.143,0.204,0.066,0.078,0.075,0.307,0.606
-0.097,-0.181,-0.083,0.139,-0.007,-0.131,0.206,0.066,0.082,0.076,0.294,0.59
-0.095,-0.181,-0.085,0.138,-0.005,-0.133,0.208,0.063,0.074,0.07,0.286,0.575
-0.107,-0.181,-0.074,0.144,-0.016,-0.128,0.216,0.068,0.077,0.063,0.274,0.548
-0.114,-0.186,-0.072,0.15,-0.02,-0.129,0.233,0.086,0.073,0.055,0.266,0.537
-0.119,-0.184,-0.065,0.152,-0.026,-0.125,0.27,0.114,0.071,0.049,0.248,0.518
-0.125,-0.185,-0.06,0.155,-0.032,-0.122,0.287,0.118,0.069,0.04,0.217,0.484
-0.13,-0.185,-0.055,0.158,-0.037,-0.12,0.305,0.122,0.069,0.035,0.182,0.446
-0.135,-0.184,-0.049,0.16,-0.042,-0.116,0.32,0.119,0.064,0.018,0.137,0.42
-0.154,-0.197,-0.043,0.176,-0.055,-0.12,0.318,0.121,0.061,0.003,0.082,0.39
-0.16,-0.198,-0.038,0.179,-0.061,-0.118,0.329,0.12,0.058,-0.014,0.023,0.358
-0.171,-0.201,-0.03,0.187,-0.07,-0.116,0.342,0.123,0.053,-0.029,-0.023,0.318
-0.189,-0.205,-0.016,0.197,-0.086,-0.111,0.336,0.126,0.051,-0.024,-0.086,0.29
-0.191,-0.195,-0.004,0.193,-0.093,-0.099,0.322,0.125,0.053,0.001,-0.142,0.284
-0.209,-0.177,0.032,0.193,-0.12,-0.072,0.309,0.129,0.073,0.036,-0.172,0.28
-0.183,-0.154,0.029,0.168,-0.105,-0.062,0.284,0.13,0.092,0.079,-0.19,0.272
-0.142,-0.143,0.0,0.143,-0.071,-0.071,0.256,0.13,0.109,0.126,-0.176,0.273
-0.139,-0.115,0.024,0.127,-0.081,-0.046,0.211,0.119,0.14,0.164,-0.142,0.308
-0.115,-0.099,0.017,0.107,-0.066,-0.041,0.172,0.101,0.137,0.164,-0.128,0.341
-0.063,-0.095,-0.032,0.079,-0.015,-0.063,0.169,0.087,0.113,0.141,-0.143,0.367
-0.047,-0.084,-0.037,0.065,-0.005,-0.06,0.17,0.079,0.106,0.124,-0.154,0.391
-0.035,-0.078,-0.043,0.057,0.004,-0.06,0.169,0.073,0.099,0.108,-0.182,0.391
-0.013,-0.07,-0.058,0.042,0.023,-0.064,0.17,0.065,0.092,0.092,-0.208,0.38
-0.016,-0.07,-0.054,0.044,0.019,-0.061,0.17,0.057,0.086,0.077,-0.22,0.373
-0.014,-0.07,-0.055,0.042,0.021,-0.062,0.16,0.051,0.08,0.067,-0.257,0.354
-0.01,-0.065,-0.055,0.038,0.023,-0.06,0.144,0.045,0.074,0.059,-0.28,0.316
-0.01,-0.065,-0.055,0.038,0.023,-0.06,0.133,0.042,0.069,0.05,-0.296,0.283
-0.014,-0.065,-0.051,0.04,0.019,-0.058,0.126,0.038,0.063,0.041,-0.315,0.256
-0.02,-0.065,-0.045,0.043,0.013,-0.055,0.121,0.035,0.058,0.035,-0.333,0.239
-0.025,-0.065,-0.04,0.045,0.008,-0.052,0.116,0.03,0.051,0.035,-0.352,0.225
-0.03,-0.065,-0.035,0.048,0.003,-0.05,0.11,0.032,0.053,0.034,-0.368,0.187
-0.038,-0.065,-0.027,0.052,-0.005,-0.046,0.105,0.036,0.062,0.03,-0.382,0.159
-0.034,-0.065,-0.03,0.05,-0.001,-0.048,0.11,0.041,0.067,0.03,-0.39,0.137
-0.023,-0.069,-0.046,0.046,0.011,-0.057,0.109,0.051,0.078,0.03,-0.418,0.143
-0.025,-0.07,-0.045,0.048,0.01,-0.057,0.116,0.049,0.081,0.03,-0.432,0.136
-0.025,-0.07,-0.045,0.048,0.01,-0.057,0.136,0.046,0.079,0.03,-0.429,0.141
-0.025,-0.07,-0.045,0.048,0.01,-0.057,0.148,0.043,0.08,0.03,-0.43,0.14
-0.025,-0.07,-0.045,0.048,0.01,-0.057,0.156,0.041,0.08,0.03,-0.433,0.147
-0.026,-0.069,-0.043,0.048,0.009,-0.055,0.153,0.039,0.08,0.03,-0.446,0.154
-0.027,-0.063,-0.036,0.045,0.005,-0.049,0.147,0.035,0.08,0.026,-0.445,-0.05
-0.024,-0.056,-0.031,0.04,0.004,-0.043,0.144,0.046,0.089,0.022,-0.444,0.248
-0.023,-0.049,-0.026,0.037,0.001,-0.037,0.138,0.042,0.09,0.019,-0.445,1.028
-0.023,-0.042,-0.019,0.033,-0.002,-0.031,0.135,0.028,0.085,0.015,-0.444,1.532
-0.02,-0.035,-0.015,0.028,-0.002,-0.025,0.13,0.018,0.082,0.01,-0.443,1.87
-0.031,-0.041,-0.009,0.036,-0.01,-0.025,0.125,0.009,0.077,0.012,-0.439,2.043
-0.041,-0.046,-0.006,0.044,-0.017,-0.026,0.121,0.011,0.074,0.016,-0.44,2.149
-0.042,-0.044,-0.002,0.044,-0.02,-0.023,0.116,0.008,0.07,0.014,-0.44,2.209
-0.052,-0.043,0.008,0.047,-0.03,-0.017,0.111,0.006,0.07,0.016,-0.44,2.219
-0.046,-0.039,0.007,0.042,-0.027,-0.016,0.111,0.004,0.069,0.014,-0.44,2.223
-0.031,-0.04,-0.009,0.036,-0.011,-0.024,0.117,0.004,0.072,0.016,-0.432,2.193
-0.021,-0.037,-0.016,0.029,-0.002,-0.027,0.113,-0.001,0.067,0.009,-0.426,2.178
-0.019,-0.033,-0.014,0.026,-0.002,-0.023,0.117,-0.003,0.075,0.011,-0.415,2.131
-0.013,-0.037,-0.024,0.025,0.006,-0.031,0.131,-0.005,0.073,0.01,-0.41,2.09
-0.019,-0.027,-0.007,0.023,-0.006,-0.017,0.142,-0.012,0.077,0.009,-0.401,2.058
-0.023,-0.034,-0.011,0.029,-0.006,-0.022,0.154,-0.006,0.08,0.011,-0.393,2.018
-0.03,-0.024,0.006,0.027,-0.018,-0.009,0.16,0.009,0.096,0.02,-0.373,1.994
-0.06,-0.027,0.032,0.044,-0.046,0.003,0.177,0.075,0.179,0.146,-0.341,1.991
-0.055,-0.005,0.049,0.03,-0.052,0.022,0.111,-0.07,0.012,0.017,-0.322,1.975
0.02,0.023,0.003,-0.021,0.008,0.013,-0.054,-0.577,-0.583,-0.784,-0.335,2.004
0.111,0.009,-0.101,-0.06,0.106,-0.046,-0.239,-1.204,-1.286,-1.751,-0.644,2.098
0.087,0.075,-0.012,-0.081,0.049,0.032,-0.359,-1.64,-1.544,-1.946,-0.904,2.147
0.204,-0.099,-0.303,-0.052,0.253,-0.201,-0.41,-1.466,-1.305,-1.438,-0.81,2.165
0.28,-0.317,-0.597,0.018,0.439,-0.457,-0.343,-0.767,-0.778,-0.85,-0.747,2.015
0.065,-0.207,-0.272,0.071,0.169,-0.239,-0.073,-0.197,-0.189,-0.277,-0.572,1.734
-0.021,-0.098,-0.077,0.06,0.028,-0.087,0.091,-0.017,0.07,0.009,-0.373,1.645
-0.036,-0.069,-0.033,0.052,-0.001,-0.05,0.107,0.032,0.115,0.042,-0.351,1.633
-0.03,-0.049,-0.019,0.04,-0.005,-0.034,0.13,0.06,0.125,0.078,-0.332,1.591
-0.03,-0.065,-0.035,0.048,0.003,-0.05,0.151,0.072,0.15,0.099,-0.328,1.564
-0.085,-0.081,0.003,0.083,-0.044,-0.039,0.175,0.084,0.175,0.124,-0.321,1.526
-0.077,-0.079,-0.002,0.078,-0.037,-0.041,0.179,0.083,0.169,0.119,-0.313,1.49
-0.077,-0.075,0.001,0.076,-0.039,-0.036,0.191,0.091,0.177,0.12,-0.308,1.45
-0.072,-0.074,-0.002,0.073,-0.034,-0.038,0.187,0.1,0.177,0.121,-0.305,1.419
-0.063,-0.069,-0.006,0.067,-0.028,-0.038,0.182,0.117,0.181,0.119,-0.312,1.389
-0.067,-0.07,-0.003,0.069,-0.032,-0.036,0.181,0.127,0.184,0.121,-0.308,1.359
-0.066,-0.078,-0.013,0.072,-0.026,-0.045,0.174,0.125,0.186,0.119,-0.311,1.329
-0.059,-0.081,-0.022,0.07,-0.018,-0.051,0.178,0.131,0.19,0.121,-0.309,1.299
-0.058,-0.076,-0.018,0.068,-0.02,-0.047,0.18,0.13,0.192,0.12,-0.31,1.267
-0.061,-0.074,-0.012,0.068,-0.024,-0.043,0.18,0.137,0.195,0.12,-0.31,1.234
-0.064,-0.071,-0.007,0.068,-0.029,-0.039,0.18,0.149,0.199,0.122,-0.309,1.204
-0.066,-0.068,-0.002,0.067,-0.032,-0.035,0.18,0.16,0.212,0.126,-0.31,1.175
-0.086,-0.082,0.005,0.083,-0.045,-0.038,0.181,0.179,0.224,0.126,-0.308,1.143
-0.106,-0.097,0.009,0.101,-0.057,-0.044,0.186,0.184,0.232,0.13,-0.317,1.105
-0.101,-0.094,0.007,0.097,-0.053,-0.043,0.209,0.202,0.253,0.138,-0.314,1.081
-0.121,-0.097,0.024,0.109,-0.072,-0.037,0.232,0.228,0.271,0.15,-0.301,1.063
-0.134,-0.1,0.034,0.117,-0.084,-0.033,0.242,0.231,0.287,0.162,-0.294,1.055
-0.124,-0.1,0.025,0.112,-0.074,-0.037,0.244,0.23,0.293,0.165,-0.276,1.048
-0.117,-0.097,0.02,0.106,-0.068,-0.038,0.227,0.203,0.266,0.141,-0.263,1.042
-0.072,-0.092,-0.02,0.083,-0.026,-0.056,0.211,0.156,0.219,0.1,-0.244,1.035
-0.062,-0.089,-0.027,0.076,-0.017,-0.058,0.194,0.115,0.169,0.06,-0.255,1.029
-0.127,-0.086,0.042,0.106,-0.084,-0.022,0.162,0.087,0.144,0.023,-0.282,1.041
-0.108,-0.081,0.027,0.094,-0.068,-0.026,0.134,0.072,0.108,0.002,-0.276,1.025
-0.065,-0.081,-0.016,0.073,-0.024,-0.048,0.122,0.057,0.081,-0.028,-0.273,0.996
-0.075,-0.085,-0.01,0.081,-0.032,-0.047,0.114,0.049,0.079,-0.05,-0.27,0.976
-0.04,-0.085,-0.045,0.062,0.003,-0.064,0.105,0.043,0.07,-0.05,-0.265,0.95
-0.012,-0.087,-0.075,0.05,0.032,-0.081,0.095,0.035,0.065,-0.05,-0.265,0.936
-0.015,-0.091,-0.075,0.054,0.03,-0.082,0.09,0.028,0.057,-0.05,-0.275,0.922
-0.015,-0.09,-0.075,0.053,0.03,-0.082,0.089,0.02,0.057,-0.05,-0.281,0.91
-0.017,-0.087,-0.07,0.052,0.027,-0.078,0.087,0.016,0.061,-0.05,-0.279,0.885
-0.014,-0.084,-0.07,0.049,0.029,-0.077,0.083,0.01,0.06,-0.05,-0.28,0.863
-0.017,-0.086,-0.068,0.052,0.026,-0.077,0.09,0.014,0.06,-0.05,-0.28,0.84
-0.018,-0.084,-0.065,0.051,0.024,-0.074,0.112,0.028,0.06,-0.05,-0.28,0.729
-0.027,-0.09,-0.063,0.059,0.018,-0.076,0.119,0.042,0.06,-0.05,-0.27,0.618
-0.042,-0.102,-0.06,0.072,0.009,-0.08,0.12,0.05,0.06,-0.05,-0.256,0.553
-0.041,-0.098,-0.057,0.07,0.008,-0.077,0.128,0.05,0.06,-0.047,-0.238,0.486
-0.042,-0.096,-0.054,0.069,0.007,-0.075,0.126,0.05,0.06,-0.041,-0.218,0.444
-0.039,-0.092,-0.053,0.066,0.007,-0.073,0.122,0.05,0.068,-0.036,-0.205,0.428
-0.046,-0.09,-0.044,0.068,-0.001,-0.067,0.119,0.05,0.071,-0.033,-0.191,0.401
-0.037,-0.089,-0.052,0.064,0.008,-0.071,0.115,0.048,0.07,-0.027,-0.179,0.36
-0.026,-0.092,-0.066,0.059,0.02,-0.078,0.112,0.044,0.07,-0.026,-0.167,0.333
-0.049,-0.105,-0.056,0.077,0.004,-0.08,0.108,0.045,0.07,-0.03,-0.155,0.313
-0.048,-0.102,-0.053,0.075,0.003,-0.077,0.106,0.041,0.069,-0.029,-0.143,0.297
-0.05,-0.096,-0.046,0.073,-0.002,-0.071,0.103,0.04,0.066,-0.032,-0.132,0.279
-0.053,-0.093,-0.04,0.073,-0.006,-0.066,0.11,0.04,0.063,-0.035,-0.124,0.256
-0.024,-0.087,-0.063,0.055,0.02,-0.074,0.121,0.04,0.06,-0.035,-0.116,0.238
-0.015,-0.085,-0.07,0.05,0.028,-0.077,0.117,0.04,0.058,-0.035,-0.108,0.221
-0.023,-0.084,-0.061,0.054,0.02,-0.072,0.113,0.04,0.054,-0.035,-0.101,0.206
-0.043,-0.102,-0.059,0.072,0.009,-0.08,0.11,0.04,0.058,-0.035,-0.093,0.195
-0.058,-0.112,-0.054,0.086,-0.002,-0.082,0.105,0.04,0.06,-0.035,-0.085,0.183
-0.06,-0.109,-0.049,0.084,-0.005,-0.079,0.105,0.042,0.06,-0.035,-0.077,0.172
-0.064,-0.11,-0.046,0.088,-0.009,-0.078,0.114,0.045,0.064,-0.034,-0.069,0.159
-0.067,-0.11,-0.043,0.089,-0.012,-0.076,0.112,0.045,0.065,-0.03,-0.062,0.145
-0.068,-0.109,-0.041,0.089,-0.013,-0.075,0.105,0.045,0.064,-0.03,-0.056,0.131
-0.069,-0.106,-0.036,0.088,-0.016,-0.071,0.103,0.045,0.06,-0.03,-0.051,0.12
-0.067,-0.103,-0.036,0.086,-0.015,-0.069,0.097,0.046,0.06,-0.03,-0.046,0.108
-0.069,-0.1,-0.032,0.085,-0.018,-0.066,0.095,0.049,0.059,-0.03,-0.04,0.097
-0.069,-0.097,-0.028,0.084,-0.02,-0.063,0.095,0.05,0.055,-0.026,-0.035,0.087
-0.05,-0.094,-0.045,0.073,-0.002,-0.069,0.095,0.051,0.055,-0.025,-0.03,0.078
-0.056,-0.097,-0.042,0.077,-0.007,-0.069,0.095,0.056,0.057,-0.025,-0.025,0.07
-0.064,-0.1,-0.036,0.083,-0.014,-0.068,0.095,0.054,0.061,-0.025,-0.02,0.06
-0.066,-0.1,-0.033,0.083,-0.017,-0.066,0.095,0.055,0.067,-0.025,-0.016,0.052
-0.078,-0.104,-0.026,0.091,-0.026,-0.065,0.091,0.073,0.075,-0.025,-0.011,0.044
-0.074,-0.105,-0.032,0.09,-0.02,-0.069,0.09,0.076,0.07,-0.025,-0.007,0.038
-0.068,-0.104,-0.037,0.086,-0.015,-0.071,0.09,0.069,0.062,-0.025,-0.005,0.03
-0.04,-0.106,-0.066,0.073,0.014,-0.086,0.09,0.07,0.057,-0.025,-0.002,0.022
-0.025,-0.104,-0.079,0.065,0.027,-0.092,0.089,0.063,0.048,-0.025,0.001,0.016
-0.033,-0.106,-0.072,0.07,0.02,-0.089,0.091,0.069,0.047,-0.025,0.004,0.008
-0.028,-0.104,-0.077,0.066,0.025,-0.09,0.104,0.085,0.051,-0.021,0.006,-0.003
-0.032,-0.106,-0.074,0.07,0.021,-0.09,0.102,0.082,0.051,-0.019,0.009,-0.013
-0.048,-0.122,-0.074,0.085,0.014,-0.098,0.096,0.076,0.049,-0.02,0.014,-0.022
-0.057,-0.126,-0.069,0.091,0.007,-0.097,0.094,0.073,0.045,-0.019,0.016,-0.033
-0.059,-0.125,-0.065,0.093,0.003,-0.095,0.086,0.067,0.045,-0.02,0.021,-0.037
-0.067,-0.13,-0.063,0.098,-0.001,-0.097,0.086,0.065,0.048,-0.018,0.024,-0.045
-0.073,-0.13,-0.057,0.101,-0.008,-0.093,0.09,0.082,0.05,-0.015,0.028,-0.055
-0.072,-0.129,-0.057,0.101,-0.008,-0.093,0.09,0.092,0.05,-0.015,0.03,-0.068
-0.074,-0.123,-0.049,0.099,-0.012,-0.086,0.092,0.089,0.049,-0.015,0.03,-0.076
-0.067,-0.119,-0.051,0.093,-0.008,-0.085,0.096,0.091,0.051,-0.014,0.03,-0.076
-0.066,-0.114,-0.049,0.09,-0.008,-0.081,0.094,0.088,0.049,-0.016,0.029,-0.084
-0.064,-0.11,-0.046,0.088,-0.009,-0.077,0.092,0.092,0.058,-0.014,0.031,-0.086
-0.059,-0.106,-0.046,0.083,-0.006,-0.076,0.088,0.084,0.062,-0.016,0.029,-0.084
-0.06,-0.101,-0.041,0.081,-0.009,-0.07,0.087,0.085,0.057,-0.014,0.032,-0.085
-0.06,-0.099,-0.038,0.08,-0.011,-0.068,0.083,0.079,0.045,-0.015,0.028,-0.085
-0.082,-0.092,-0.01,0.087,-0.035,-0.051,0.079,0.076,0.038,-0.016,0.033,-0.084
-0.039,-0.094,-0.055,0.067,0.008,-0.074,0.085,0.08,0.033,-0.017,0.025,-0.105
-0.061,-0.082,-0.021,0.072,-0.02,-0.051,0.113,0.106,0.082,0.013,0.04,-0.101
-0.11,-0.09,0.019,0.1,-0.064,-0.035,0.131,0.191,0.161,0.139,0.087,-0.087
-0.069,-0.086,-0.018,0.078,-0.026,-0.052,0.046,-0.008,-0.055,-0.02,0.112,-0.067
-0.013,-0.098,-0.085,0.056,0.036,-0.091,-0.126,-0.558,-0.69,-0.846,0.077,0.02
0.073,-0.093,-0.166,0.01,0.12,-0.129,-0.338,-1.208,-1.397,-1.785,-0.231,0.124
0.048,-0.046,-0.095,-0.001,0.072,-0.07,-0.433,-1.589,-1.591,-1.893,-0.461,0.206
0.167,-0.259,-0.426,0.046,0.297,-0.342,-0.429,-1.283,-1.279,-1.366,-0.381,0.233
0.22,-0.408,-0.628,0.094,0.424,-0.518,-0.331,-0.572,-0.722,-0.794,-0.312,0.078
-0.009,-0.282,-0.273,0.145,0.132,-0.277,-0.049,-0.035,-0.152,-0.237,-0.126,-0.144
-0.085,-0.201,-0.117,0.143,0.016,-0.159,0.102,0.152,0.067,0.01,0.049,-0.179
-0.098,-0.176,-0.078,0.137,-0.01,-0.127,0.118,0.184,0.105,0.043,0.052,-0.178
-0.117,-0.184,-0.067,0.151,-0.024,-0.125,0.14,0.202,0.123,0.079,0.062,-0.203
-0.112,-0.183,-0.071,0.148,-0.02,-0.127,0.14,0.206,0.127,0.08,0.066,-0.213
-0.115,-0.176,-0.061,0.146,-0.027,-0.118,0.148,0.221,0.139,0.102,0.065,-0.233
-0.113,-0.178,-0.065,0.145,-0.023,-0.121,0.144,0.231,0.132,0.105,0.063,-0.231
-0.109,-0.166,-0.057,0.137,-0.026,-0.111,0.142,0.229,0.136,0.105,0.059,-0.249
-0.126,-0.183,-0.058,0.155,-0.034,-0.12,0.14,0.23,0.134,0.103,0.061,-0.258
-0.156,-0.205,-0.049,0.181,-0.053,-0.127,0.139,0.23,0.135,0.099,0.059,-0.266
-0.161,-0.205,-0.044,0.183,-0.058,-0.125,0.136,0.23,0.136,0.101,0.06,-0.274
-0.167,-0.208,-0.041,0.188,-0.063,-0.124,0.134,0.232,0.134,0.103,0.06,-0.275
-0.179,-0.21,-0.031,0.195,-0.074,-0.121,0.136,0.25,0.136,0.106,0.059,-0.287
-0.179,-0.212,-0.032,0.196,-0.073,-0.122,0.133,0.259,0.14,0.104,0.064,-0.297
-0.151,-0.216,-0.064,0.184,-0.043,-0.14,0.136,0.272,0.156,0.106,0.07,-0.31
-0.147,-0.215,-0.068,0.181,-0.039,-0.141,0.134,0.289,0.167,0.105,0.062,-0.329
-0.156,-0.214,-0.057,0.185,-0.049,-0.135,0.145,0.299,0.164,0.107,0.056,-0.341
-0.171,-0.226,-0.055,0.199,-0.058,-0.14,0.17,0.317,0.18,0.111,0.05,-0.351
-0.19,-0.237,-0.047,0.214,-0.071,-0.142,0.177,0.321,0.195,0.11,0.042,-0.381
-0.192,-0.235,-0.043,0.214,-0.074,-0.138,0.204,0.354,0.21,0.11,0.042,-0.391
-0.196,-0.233,-0.037,0.215,-0.079,-0.135,0.221,0.373,0.221,0.11,0.046,-0.401
-0.213,-0.244,-0.031,0.229,-0.09,-0.138,0.225,0.362,0.224,0.11,0.048,-0.42
-0.222,-0.248,-0.026,0.236,-0.098,-0.137,0.233,0.357,0.239,0.105,0.051,-0.413
-0.22,-0.241,-0.021,0.231,-0.099,-0.131,0.212,0.354,0.23,0.096,0.053,-0.406
-0.218,-0.233,-0.015,0.226,-0.101,-0.124,0.182,0.335,0.195,0.088,0.068,-0.398
-0.174,-0.228,-0.054,0.201,-0.06,-0.141,0.149,0.277,0.155,0.078,0.086,-0.39
-0.144,-0.22,-0.076,0.182,-0.034,-0.148,0.123,0.239,0.126,0.068,0.084,-0.384
-0.157,-0.216,-0.059,0.187,-0.049,-0.137,0.114,0.225,0.108,0.057,0.086,-0.377
-0.147,-0.232,-0.085,0.19,-0.031,-0.158,0.107,0.219,0.09,0.044,0.09,-0.371
-0.145,-0.231,-0.086,0.188,-0.029,-0.158,0.1,0.216,0.075,0.036,0.09,-0.364
-0.138,-0.225,-0.086,0.182,-0.026,-0.155,0.092,0.21,0.069,0.032,0.09,-0.357
-0.108,-0.216,-0.108,0.162,0.0,-0.162,0.085,0.207,0.07,0.03,0.089,-0.352
-0.123,-0.225,-0.102,0.175,-0.01,-0.163,0.081,0.201,0.07,0.025,0.091,-0.349
-0.156,-0.257,-0.101,0.206,-0.027,-0.178,0.079,0.197,0.07,0.022,0.088,-0.347
-0.157,-0.254,-0.097,0.206,-0.03,-0.175,0.089,0.19,0.07,0.019,0.094,-0.344
-0.16,-0.255,-0.095,0.208,-0.032,-0.175,0.094,0.186,0.07,0.026,0.102,-0.341
-0.155,-0.255,-0.1,0.205,-0.027,-0.177,0.085,0.179,0.07,0.028,0.099,-0.339
-0.134,-0.256,-0.121,0.195,-0.006,-0.188,0.08,0.175,0.069,0.015,0.101,-0.335
-0.138,-0.266,-0.128,0.202,-0.005,-0.197,0.072,0.207,0.07,0.039,0.099,-0.334
-0.162,-0.264,-0.103,0.213,-0.029,-0.183,0.066,0.224,0.069,0.046,0.1,-0.335
-0.165,-0.265,-0.099,0.215,-0.033,-0.182,0.068,0.221,0.071,0.039,0.103,-0.335
-0.159,-0.26,-0.101,0.21,-0.029,-0.18,0.071,0.227,0.088,0.073,0.106,-0.335
-0.16,-0.259,-0.099,0.21,-0.031,-0.179,0.074,0.229,0.098,0.081,0.121,-0.333
-0.16,-0.261,-0.101,0.21,-0.03,-0.181,0.075,0.237,0.1,0.08,0.126,-0.328
-0.159,-0.258,-0.099,0.208,-0.03,-0.178,0.075,0.245,0.105,0.086,0.132,-0.325
-0.18,-0.276,-0.096,0.229,-0.042,-0.186,0.075,0.243,0.109,0.084,0.136,-0.322
-0.192,-0.286,-0.095,0.24,-0.048,-0.191,0.074,0.239,0.108,0.085,0.133,-0.317
-0.185,-0.28,-0.094,0.233,-0.046,-0.187,0.077,0.236,0.105,0.085,0.152,-0.315
-0.189,-0.278,-0.089,0.233,-0.049,-0.183,0.094,0.232,0.106,0.086,0.162,-0.315
-0.182,-0.273,-0.091,0.228,-0.046,-0.181,0.109,0.229,0.105,0.085,0.162,-0.315
-0.182,-0.27,-0.087,0.226,-0.048,-0.178,0.107,0.223,0.106,0.086,0.167,-0.315
-0.182,-0.266,-0.084,0.225,-0.049,-0.175,0.101,0.217,0.104,0.082,0.163,-0.315
-0.175,-0.261,-0.086,0.219,-0.045,-0.173,0.096,0.213,0.101,0.08,0.167,-0.315
-0.176,-0.256,-0.081,0.216,-0.047,-0.168,0.089,0.206,0.098,0.079,0.162,-0.311
-0.172,-0.253,-0.08,0.212,-0.046,-0.166,0.086,0.202,0.112,0.077,0.174,-0.324
-0.168,-0.247,-0.08,0.207,-0.044,-0.163,0.089,0.199,0.126,0.074,0.195,-0.328
-0.17,-0.244,-0.073,0.207,-0.048,-0.158,0.091,0.201,0.125,0.076,0.204,-0.32
-0.177,-0.239,-0.063,0.208,-0.057,-0.151,0.089,0.199,0.124,0.092,0.228,-0.316
-0.184,-0.235,-0.051,0.21,-0.066,-0.143,0.091,0.201,0.126,0.091,0.235,-0.309
-0.189,-0.234,-0.045,0.212,-0.072,-0.139,0.089,0.199,0.127,0.105,0.247,-0.306
-0.191,-0.226,-0.035,0.208,-0.078,-0.131,0.093,0.201,0.133,0.126,0.26,-0.309
-0.187,-0.228,-0.041,0.208,-0.072,-0.134,0.096,0.207,0.136,0.126,0.256,-0.311
-0.191,-0.217,-0.026,0.205,-0.082,-0.122,0.094,0.202,0.141,0.122,0.28,-0.308
-0.182,-0.218,-0.036,0.2,-0.073,-0.127,0.103,0.21,0.151,0.13,0.291,-0.312
-0.199,-0.206,-0.007,0.203,-0.096,-0.107,0.095,0.205,0.151,0.121,0.286,-0.306
-0.219,-0.206,0.012,0.212,-0.115,-0.097,0.095,0.274,0.226,0.219,0.331,-0.318
-0.224,-0.198,0.026,0.211,-0.125,-0.086,0.051,0.161,0.135,0.222,0.391,-0.285
-0.202,-0.19,0.013,0.196,-0.107,-0.088,-0.084,-0.336,-0.392,-0.457,0.4,-0.185
-0.062,-0.214,-0.153,0.138,0.046,-0.183,-0.297,-0.971,-1.131,-1.485,0.159,-0.081
-0.042,-0.112,-0.069,0.077,0.014,-0.09,-0.437,-1.462,-1.486,-1.822,-0.137,0.033
0.04,-0.258,-0.297,0.109,0.169,-0.277,-0.465,-1.33,-1.257,-1.366,-0.132,0.071
0.128,-0.478,-0.606,0.175,0.367,-0.542,-0.406,-0.65,-0.749,-0.763,-0.058,-0.072
-0.126,-0.379,-0.254,0.253,0.064,-0.316,-0.13,-0.045,-0.154,-0.197,0.121,-0.306
-0.245,-0.296,-0.05,0.271,-0.097,-0.173,0.044,0.192,0.137,0.126,0.326,-0.373
-0.207,-0.246,-0.039,0.227,-0.083,-0.142,0.068,0.233,0.163,0.164,0.347,-0.36
-0.228,-0.244,-0.017,0.236,-0.105,-0.13,0.096,0.253,0.197,0.188,0.358,-0.395
-0.256,-0.26,-0.004,0.258,-0.126,-0.132,0.094,0.27,0.221,0.218,0.385,-0.4
-0.284,-0.251,0.033,0.267,-0.158,-0.109,0.109,0.287,0.244,0.237,0.396,-0.403
-0.278,-0.258,0.02,0.267,-0.148,-0.119,0.098,0.28,0.238,0.235,0.395,-0.405
-0.281,-0.253,0.028,0.266,-0.154,-0.113,0.112,0.277,0.24,0.239,0.394,-0.422
-0.279,-0.256,0.024,0.267,-0.151,-0.116,0.124,0.275,0.241,0.241,0.396,-0.43
-0.283,-0.258,0.025,0.27,-0.154,-0.116,0.115,0.268,0.238,0.242,0.393,-0.436
-0.298,-0.26,0.038,0.279,-0.168,-0.111,0.117,0.273,0.245,0.248,0.4,-0.451
-0.3,-0.26,0.041,0.28,-0.17,-0.11,0.11,0.286,0.249,0.247,0.41,-0.451
-0.3,-0.261,0.039,0.28,-0.17,-0.111,0.11,0.293,0.258,0.255,0.41,-0.455
-0.299,-0.258,0.042,0.279,-0.17,-0.108,0.114,0.303,0.265,0.26,0.409,-0.456
-0.303,-0.267,0.036,0.285,-0.17,-0.116,0.114,0.311,0.272,0.261,0.413,-0.485
-0.327,-0.265,0.062,0.296,-0.194,-0.101,0.132,0.325,0.298,0.287,0.42,-0.515
-0.357,-0.275,0.082,0.316,-0.22,-0.096,0.149,0.326,0.311,0.31,0.42,-0.517
-0.377,-0.297,0.08,0.337,-0.228,-0.108,0.143,0.333,0.313,0.301,0.42,-0.532
-0.365,-0.286,0.079,0.325,-0.222,-0.103,0.153,0.364,0.345,0.319,0.42,-0.549
-0.357,-0.283,0.074,0.32,-0.215,-0.104,0.163,0.377,0.373,0.347,0.419,-0.558
-0.375,-0.276,0.099,0.326,-0.237,-0.089,0.162,0.387,0.393,0.357,0.423,-0.572
-0.37,-0.27,0.1,0.32,-0.235,-0.084,0.174,0.387,0.407,0.371,0.428,-0.578
-0.37,-0.281,0.089,0.325,-0.229,-0.096,0.169,0.373,0.396,0.362,0.448,-0.573
-0.37,-0.285,0.085,0.328,-0.227,-0.1,0.152,0.341,0.37,0.343,0.462,-0.563
-0.359,-0.285,0.074,0.322,-0.216,-0.105,0.134,0.292,0.316,0.312,0.459,-0.556
-0.355,-0.285,0.07,0.319,-0.212,-0.107,0.112,0.249,0.264,0.269,0.46,-0.548
-0.349,-0.285,0.064,0.317,-0.206,-0.111,0.1,0.224,0.231,0.236,0.46,-0.545
-0.35,-0.284,0.066,0.317,-0.208,-0.109,0.088,0.215,0.208,0.218,0.46,-0.545
-0.342,-0.28,0.062,0.311,-0.202,-0.109,0.077,0.202,0.205,0.215,0.458,-0.542
-0.339,-0.28,0.059,0.31,-0.2,-0.11,0.07,0.193,0.202,0.21,0.452,-0.54
-0.339,-0.279,0.06,0.309,-0.199,-0.109,0.066,0.187,0.199,0.206,0.463,-0.537
-0.338,-0.275,0.063,0.306,-0.2,-0.106,0.064,0.182,0.196,0.202,0.476,-0.551
-0.34,-0.275,0.066,0.307,-0.203,-0.104,0.059,0.178,0.194,0.197,0.474,-0.559
-0.341,-0.277,0.064,0.309,-0.203,-0.106,0.056,0.174,0.2,0.195,0.475,-0.569
-0.352,-0.281,0.07,0.317,-0.211,-0.105,0.055,0.169,0.199,0.195,0.475,-0.585
-0.355,-0.285,0.069,0.32,-0.211,-0.108,0.069,0.165,0.2,0.192,0.474,-0.586
-0.36,-0.289,0.07,0.325,-0.215,-0.109,0.081,0.165,0.199,0.189,0.478,-0.601
-0.36,-0.29,0.07,0.325,-0.215,-0.11,0.08,0.163,0.2,0.19,0.48,-0.608
-0.357,-0.29,0.067,0.323,-0.212,-0.111,0.08,0.16,0.2,0.195,0.48,-0.616
-0.374,-0.29,0.084,0.331,-0.229,-0.103,0.08,0.159,0.199,0.2,0.483,-0.623
-0.375,-0.29,0.085,0.332,-0.23,-0.102,0.08,0.163,0.215,0.208,0.486,-0.625
-0.373,-0.288,0.085,0.33,-0.229,-0.101,0.077,0.165,0.219,0.211,0.484,-0.635
-0.363,-0.284,0.079,0.324,-0.221,-0.102,0.074,0.166,0.211,0.206,0.486,-0.636
-0.367,-0.286,0.081,0.326,-0.223,-0.102,0.075,0.175,0.209,0.204,0.495,-0.642
-0.359,-0.281,0.078,0.32,-0.218,-0.101,0.075,0.173,0.203,0.2,0.495,-0.66
-0.342,-0.28,0.063,0.311,-0.203,-0.108,0.075,0.168,0.2,0.2,0.494,-0.669
-0.394,-0.28,0.115,0.337,-0.254,-0.082,0.076,0.166,0.205,0.205,0.495,-0.67
-0.408,-0.274,0.134,0.341,-0.271,-0.07,0.08,0.16,0.207,0.204,0.494,-0.678
-0.386,-0.269,0.118,0.327,-0.252,-0.075,0.088,0.161,0.219,0.206,0.496,-0.683
-0.385,-0.263,0.122,0.324,-0.253,-0.07,0.091,0.165,0.231,0.21,0.501,-0.686
-0.37,-0.259,0.111,0.314,-0.24,-0.073,0.086,0.165,0.229,0.209,0.519,-0.688
-0.36,-0.249,0.111,0.305,-0.236,-0.069,0.084,0.165,0.23,0.212,0.526,-0.692
-0.369,-0.266,0.103,0.318,-0.236,-0.081,0.081,0.165,0.23,0.215,0.524,-0.703
-0.377,-0.278,0.099,0.328,-0.238,-0.089,0.08,0.165,0.23,0.218,0.525,-0.705
-0.393,-0.264,0.129,0.328,-0.261,-0.067,0.075,0.168,0.233,0.221,0.525,-0.704
-0.393,-0.255,0.138,0.324,-0.265,-0.059,0.068,0.173,0.238,0.224,0.524,-0.71
-0.362,-0.245,0.117,0.303,-0.239,-0.064,0.064,0.174,0.24,0.229,0.52,-0.709
-0.37,-0.239,0.131,0.304,-0.25,-0.054,0.057,0.17,0.24,0.228,0.52,-0.711
-0.387,-0.232,0.155,0.309,-0.271,-0.038,0.053,0.167,0.24,0.224,0.519,-0.715
-0.375,-0.227,0.149,0.301,-0.262,-0.039,0.046,0.165,0.24,0.222,0.514,-0.714
-0.36,-0.217,0.143,0.288,-0.251,-0.036,0.053,0.161,0.24,0.218,0.515,-0.718
-0.361,-0.222,0.139,0.292,-0.25,-0.041,0.062,0.16,0.24,0.216,0.512,-0.726
-0.371,-0.241,0.13,0.306,-0.25,-0.056,0.052,0.157,0.236,0.213,0.505,-0.731
-0.377,-0.239,0.138,0.308,-0.258,-0.05,0.066,0.152,0.234,0.219,0.499,-0.739
-0.387,-0.24,0.147,0.313,-0.267,-0.046,0.085,0.149,0.235,0.225,0.492,-0.741
-0.373,-0.24,0.133,0.306,-0.253,-0.054,0.086,0.146,0.235,0.219,0.486,-0.75
-0.362,-0.239,0.123,0.3,-0.242,-0.058,0.091,0.141,0.235,0.214,0.479,-0.764
-0.36,-0.24,0.119,0.3,-0.24,-0.061,0.087,0.14,0.235,0.208,0.475,-0.764
-0.36,-0.239,0.121,0.3,-0.24,-0.059,0.081,0.14,0.235,0.202,0.475,-0.767
-0.359,-0.24,0.119,0.3,-0.239,-0.061,0.076,0.14,0.235,0.2,0.475,-0.77
-0.362,-0.239,0.122,0.3,-0.242,-0.059,0.071,0.14,0.235,0.199,0.475,-0.773
-0.379,-0.24,0.139,0.31,-0.259,-0.05,0.064,0.14,0.235,0.201,0.475,-0.775
-0.38,-0.239,0.14,0.309,-0.26,-0.05,0.061,0.14,0.235,0.199,0.473,-0.784
-0.37,-0.235,0.135,0.302,-0.252,-0.05,0.064,0.136,0.231,0.2,0.467,-0.792
-0.369,-0.235,0.134,0.302,-0.251,-0.05,0.065,0.135,0.229,0.2,0.462,-0.793
-0.362,-0.233,0.129,0.298,-0.245,-0.052,0.068,0.135,0.23,0.194,0.458,-0.801
-0.363,-0.23,0.133,0.296,-0.248,-0.048,0.07,0.13,0.229,0.191,0.453,-0.805
-0.371,-0.229,0.141,0.3,-0.256,-0.044,0.072,0.13,0.23,0.183,0.449,-0.817
-0.37,-0.232,0.138,0.301,-0.254,-0.047,0.075,0.129,0.228,0.185,0.444,-0.83
-0.371,-0.235,0.136,0.302,-0.253,-0.05,0.079,0.124,0.225,0.172,0.437,-0.83
-0.368,-0.236,0.132,0.301,-0.249,-0.052,0.08,0.125,0.222,0.178,0.43,-0.829
-0.371,-0.241,0.13,0.306,-0.251,-0.055,0.087,0.122,0.22,0.161,0.424,-0.83
-0.365,-0.238,0.126,0.301,-0.245,-0.056,0.094,0.119,0.217,0.166,0.417,-0.842
-0.341,-0.233,0.109,0.287,-0.225,-0.062,0.091,0.12,0.214,0.146,0.413,-0.855
